/*
MySQL Backup
Source Server Version: 5.1.30
Source Database: ferreteria
Date: 06/06/2019 19:49:35
*/

SET FOREIGN_KEY_CHECKS=0;

-- ----------------------------
--  Table structure for `autocod`
-- ----------------------------
DROP TABLE IF EXISTS `autocod`;
CREATE TABLE `autocod` (
  `autcod` int(6) NOT NULL
) ENGINE=InnoDB DEFAULT CHARSET=utf8;

-- ----------------------------
--  Table structure for `cabinvinicial`
-- ----------------------------
DROP TABLE IF EXISTS `cabinvinicial`;
CREATE TABLE `cabinvinicial` (
  `InI_id` int(5) NOT NULL AUTO_INCREMENT,
  `InI_fec` date DEFAULT NULL,
  `Usu_id` int(5) DEFAULT NULL,
  PRIMARY KEY (`InI_id`)
) ENGINE=InnoDB AUTO_INCREMENT=5 DEFAULT CHARSET=latin1;

-- ----------------------------
--  Table structure for `detinvinicial`
-- ----------------------------
DROP TABLE IF EXISTS `detinvinicial`;
CREATE TABLE `detinvinicial` (
  `InI_Id` int(5) DEFAULT NULL,
  `Pro_id` int(5) DEFAULT NULL,
  `Pro_cod` varchar(30) DEFAULT NULL,
  `Pro_des` varchar(250) DEFAULT NULL,
  `Ini_Can` int(5) DEFAULT NULL,
  `Ini_PrU` double(8,2) DEFAULT NULL,
  `Ini_PrT` double(8,2) DEFAULT NULL,
  `InI_PrV` double(8,2) DEFAULT NULL
) ENGINE=InnoDB DEFAULT CHARSET=latin1;

-- ----------------------------
--  Table structure for `grupos`
-- ----------------------------
DROP TABLE IF EXISTS `grupos`;
CREATE TABLE `grupos` (
  `gru_id` int(3) NOT NULL AUTO_INCREMENT,
  `gru_des` varchar(250) DEFAULT NULL,
  `gru_est` int(1) DEFAULT NULL,
  PRIMARY KEY (`gru_id`)
) ENGINE=InnoDB AUTO_INCREMENT=16 DEFAULT CHARSET=utf8;

-- ----------------------------
--  Table structure for `grupro`
-- ----------------------------
DROP TABLE IF EXISTS `grupro`;
CREATE TABLE `grupro` (
  `grupro` int(5) NOT NULL AUTO_INCREMENT,
  `gru_id` int(3) DEFAULT NULL,
  `pro_id` int(5) DEFAULT NULL,
  PRIMARY KEY (`grupro`)
) ENGINE=InnoDB DEFAULT CHARSET=utf8;

-- ----------------------------
--  Table structure for `marcas`
-- ----------------------------
DROP TABLE IF EXISTS `marcas`;
CREATE TABLE `marcas` (
  `Mar_id` int(4) NOT NULL AUTO_INCREMENT,
  `Mar_des` varchar(200) DEFAULT NULL,
  PRIMARY KEY (`Mar_id`)
) ENGINE=InnoDB AUTO_INCREMENT=35 DEFAULT CHARSET=utf8;

-- ----------------------------
--  Table structure for `productos`
-- ----------------------------
DROP TABLE IF EXISTS `productos`;
CREATE TABLE `productos` (
  `pro_id` int(5) NOT NULL AUTO_INCREMENT,
  `pro_Des` varchar(250) DEFAULT NULL,
  `Pro_uni` varchar(150) DEFAULT NULL,
  `pro_tip` varchar(100) DEFAULT NULL,
  `pro_exmi` int(5) DEFAULT NULL,
  `pro_exma` int(5) DEFAULT NULL,
  `pro_ubi` varchar(200) DEFAULT NULL,
  `pro_cod` varchar(30) DEFAULT NULL,
  `gru_id` int(3) DEFAULT NULL,
  `mar_id` int(4) DEFAULT NULL,
  `pro_est` int(1) DEFAULT NULL,
  `pro_aut` int(1) DEFAULT NULL,
  `pro_PrV` double(8,2) DEFAULT NULL,
  `Pro_sal` int(6) DEFAULT NULL,
  `Usu_id` int(3) DEFAULT NULL,
  PRIMARY KEY (`pro_id`)
) ENGINE=InnoDB AUTO_INCREMENT=809 DEFAULT CHARSET=utf8;

-- ----------------------------
--  Table structure for `proprv`
-- ----------------------------
DROP TABLE IF EXISTS `proprv`;
CREATE TABLE `proprv` (
  `proprv` int(5) DEFAULT NULL,
  `pro_id` int(5) DEFAULT NULL,
  `prv_id` int(4) DEFAULT NULL
) ENGINE=InnoDB DEFAULT CHARSET=utf8;

-- ----------------------------
--  Table structure for `proprvor`
-- ----------------------------
DROP TABLE IF EXISTS `proprvor`;
CREATE TABLE `proprvor` (
  `proprv` int(5) DEFAULT NULL,
  `pro_id` int(5) DEFAULT NULL,
  `prv_id` int(4) DEFAULT NULL
) ENGINE=InnoDB DEFAULT CHARSET=utf8;

-- ----------------------------
--  Table structure for `proveedor`
-- ----------------------------
DROP TABLE IF EXISTS `proveedor`;
CREATE TABLE `proveedor` (
  `pr_id` int(2) NOT NULL AUTO_INCREMENT,
  `pr_des` varchar(200) DEFAULT NULL,
  PRIMARY KEY (`pr_id`)
) ENGINE=InnoDB DEFAULT CHARSET=utf8;

-- ----------------------------
--  Table structure for `proveedores`
-- ----------------------------
DROP TABLE IF EXISTS `proveedores`;
CREATE TABLE `proveedores` (
  `Prv_id` int(4) NOT NULL AUTO_INCREMENT,
  `Prv_des` varchar(250) NOT NULL,
  `Prv_dir` varchar(250) DEFAULT NULL,
  `Prv_Tel` varchar(20) DEFAULT NULL,
  `Prv_Cont` varchar(200) DEFAULT NULL,
  `Prv_Ori` varchar(15) DEFAULT NULL,
  `Prv_Email` varchar(150) DEFAULT NULL,
  `Prv_Ban` varchar(250) DEFAULT NULL,
  `Prv_Cue` varchar(50) DEFAULT NULL,
  `Prv_Est` int(1) DEFAULT NULL,
  `Usu_Id` int(3) DEFAULT NULL,
  PRIMARY KEY (`Prv_id`)
) ENGINE=InnoDB AUTO_INCREMENT=25 DEFAULT CHARSET=utf8;

-- ----------------------------
--  Table structure for `tdetinvinicial`
-- ----------------------------
DROP TABLE IF EXISTS `tdetinvinicial`;
CREATE TABLE `tdetinvinicial` (
  `InI_Id` int(5) DEFAULT NULL,
  `Pro_id` int(5) DEFAULT NULL,
  `Pro_cod` varchar(30) DEFAULT NULL,
  `Pro_Des` varchar(250) DEFAULT NULL,
  `Ini_Can` int(5) DEFAULT NULL,
  `Ini_PrU` double(8,2) DEFAULT NULL,
  `Ini_PrT` double(8,2) DEFAULT NULL,
  `Ini_PrV` double(8,2) DEFAULT NULL
) ENGINE=InnoDB DEFAULT CHARSET=utf8;

-- ----------------------------
--  Table structure for `tdetinvinicial1`
-- ----------------------------
DROP TABLE IF EXISTS `tdetinvinicial1`;
CREATE TABLE `tdetinvinicial1` (
  `InI_Id` int(5) DEFAULT NULL,
  `Pro_id` int(5) DEFAULT NULL,
  `Pro_cod` varchar(30) COLLATE utf8_spanish_ci DEFAULT NULL,
  `Pro_Des` varchar(250) COLLATE utf8_spanish_ci DEFAULT NULL,
  `Ini_Can` int(5) DEFAULT NULL,
  `Ini_PrU` double(8,2) DEFAULT NULL,
  `Ini_PrT` double(8,2) DEFAULT NULL,
  `Ini_PrV` double(8,2) DEFAULT NULL
) ENGINE=InnoDB DEFAULT CHARSET=utf8 COLLATE=utf8_spanish_ci;

-- ----------------------------
--  Table structure for `tdetinvinicial7`
-- ----------------------------
DROP TABLE IF EXISTS `tdetinvinicial7`;
CREATE TABLE `tdetinvinicial7` (
  `InI_Id` int(5) DEFAULT NULL,
  `Pro_id` int(5) DEFAULT NULL,
  `Pro_cod` varchar(30) COLLATE utf8_spanish_ci DEFAULT NULL,
  `Pro_Des` varchar(250) COLLATE utf8_spanish_ci DEFAULT NULL,
  `Ini_Can` int(5) DEFAULT NULL,
  `Ini_PrU` double(8,2) DEFAULT NULL,
  `Ini_PrT` double(8,2) DEFAULT NULL,
  `Ini_PrV` double(8,2) DEFAULT NULL
) ENGINE=InnoDB DEFAULT CHARSET=utf8 COLLATE=utf8_spanish_ci;

-- ----------------------------
--  Table structure for `tproveedor`
-- ----------------------------
DROP TABLE IF EXISTS `tproveedor`;
CREATE TABLE `tproveedor` (
  `pr_Id` int(6) DEFAULT NULL,
  `pr_Des` varchar(250) DEFAULT NULL
) ENGINE=InnoDB DEFAULT CHARSET=utf8;

-- ----------------------------
--  Table structure for `tproveedor1`
-- ----------------------------
DROP TABLE IF EXISTS `tproveedor1`;
CREATE TABLE `tproveedor1` (
  `pr_Id` int(6) DEFAULT NULL,
  `pr_Des` varchar(250) COLLATE utf8_spanish_ci DEFAULT NULL
) ENGINE=InnoDB DEFAULT CHARSET=utf8 COLLATE=utf8_spanish_ci;

-- ----------------------------
--  Table structure for `tproveedor6`
-- ----------------------------
DROP TABLE IF EXISTS `tproveedor6`;
CREATE TABLE `tproveedor6` (
  `pr_Id` int(6) DEFAULT NULL,
  `pr_Des` varchar(250) DEFAULT NULL
) ENGINE=InnoDB DEFAULT CHARSET=utf8;

-- ----------------------------
--  Table structure for `tproveedor7`
-- ----------------------------
DROP TABLE IF EXISTS `tproveedor7`;
CREATE TABLE `tproveedor7` (
  `pr_Id` int(6) DEFAULT NULL,
  `pr_Des` varchar(250) COLLATE utf8_spanish_ci DEFAULT NULL
) ENGINE=InnoDB DEFAULT CHARSET=utf8 COLLATE=utf8_spanish_ci;

-- ----------------------------
--  Table structure for `tproveedor8`
-- ----------------------------
DROP TABLE IF EXISTS `tproveedor8`;
CREATE TABLE `tproveedor8` (
  `pr_Id` int(6) DEFAULT NULL,
  `pr_Des` varchar(250) COLLATE utf8_spanish_ci DEFAULT NULL
) ENGINE=InnoDB DEFAULT CHARSET=utf8 COLLATE=utf8_spanish_ci;

-- ----------------------------
--  Table structure for `unidad`
-- ----------------------------
DROP TABLE IF EXISTS `unidad`;
CREATE TABLE `unidad` (
  `Uni_Id` int(4) NOT NULL AUTO_INCREMENT,
  `Uni_des` varchar(50) DEFAULT NULL,
  PRIMARY KEY (`Uni_Id`)
) ENGINE=InnoDB AUTO_INCREMENT=5 DEFAULT CHARSET=utf8;

-- ----------------------------
--  Table structure for `usuarios`
-- ----------------------------
DROP TABLE IF EXISTS `usuarios`;
CREATE TABLE `usuarios` (
  `Usu_Id` int(3) NOT NULL AUTO_INCREMENT,
  `Usu_Nom` varchar(250) DEFAULT NULL,
  `Usu_Usu` varchar(50) DEFAULT NULL,
  `Usu_Cla` varchar(10) DEFAULT NULL,
  `Usu_Niv` varchar(15) DEFAULT NULL,
  `Usu_Est` int(1) DEFAULT NULL,
  PRIMARY KEY (`Usu_Id`)
) ENGINE=InnoDB AUTO_INCREMENT=11 DEFAULT CHARSET=utf8;

-- ----------------------------
--  Table structure for `usuarios2`
-- ----------------------------
DROP TABLE IF EXISTS `usuarios2`;
CREATE TABLE `usuarios2` (
  `Usu_Id` int(3) NOT NULL AUTO_INCREMENT,
  `Usu_Nom` varchar(250) DEFAULT NULL,
  `Usu_Usu` varchar(50) DEFAULT NULL,
  `Usu_Cla` varchar(10) DEFAULT NULL,
  `Usu_Niv` varchar(15) DEFAULT NULL,
  `Usu_Est` int(1) DEFAULT NULL,
  PRIMARY KEY (`Usu_Id`)
) ENGINE=InnoDB AUTO_INCREMENT=7 DEFAULT CHARSET=utf8;

-- ----------------------------
--  View definition for `vproducto`
-- ----------------------------
DROP VIEW IF EXISTS `vproducto`;
CREATE ALGORITHM=UNDEFINED DEFINER=`root`@`localhost` SQL SECURITY DEFINER VIEW `vproducto` AS select `marcas`.`Mar_des` AS `Mar_des`,`vproprv`.`pro_Des` AS `pro_Des`,`vproprv`.`Prv_des` AS `Prv_des`,`vproprv`.`Pro_uni` AS `Pro_uni`,`vproprv`.`gru_id` AS `gru_id`,`vproprv`.`pro_cod` AS `pro_cod`,`vproprv`.`mar_id` AS `mar_id`,`grupos`.`gru_des` AS `gru_des` from ((`vproprv` join `grupos` on((`vproprv`.`gru_id` = `grupos`.`gru_id`))) join `marcas` on((`vproprv`.`mar_id` = `marcas`.`Mar_id`)));

-- ----------------------------
--  View definition for `vproprv`
-- ----------------------------
DROP VIEW IF EXISTS `vproprv`;
CREATE ALGORITHM=UNDEFINED DEFINER=`root`@`localhost` SQL SECURITY DEFINER VIEW `vproprv` AS select `productos`.`pro_Des` AS `pro_Des`,`proveedores`.`Prv_des` AS `Prv_des`,`productos`.`Pro_uni` AS `Pro_uni`,`productos`.`gru_id` AS `gru_id`,`productos`.`pro_cod` AS `pro_cod`,`productos`.`mar_id` AS `mar_id`,`proprv`.`prv_id` AS `prv_id`,`proprv`.`pro_id` AS `pro_id` from ((`proprv` join `productos` on((`proprv`.`pro_id` = `productos`.`pro_id`))) join `proveedores` on((`proprv`.`prv_id` = `proveedores`.`Prv_id`)));

-- ----------------------------
--  Records 
-- ----------------------------
INSERT INTO `autocod` VALUES ('2');
INSERT INTO `cabinvinicial` VALUES ('1','2014-01-01','1'), ('2','2014-01-01','1'), ('3','2014-01-01','7'), ('4','2014-01-01','7');
INSERT INTO `detinvinicial` VALUES ('1',NULL,'411-SNCL','ARCO 64MM','25','25.00','625.00','50.00'), ('1',NULL,'202CR','CHAPITA EVER','30','13.00','390.00','20.00'), ('1',NULL,'801CR','CHAPITA','60','10.00','600.00','15.00'), ('2',NULL,'4655 AB','ARCO 128','50','250.00','12500.00','300.00'), ('2',NULL,'600V2','CHAPA','20','80.00','1600.00','100.00'), ('3',NULL,'27101','ENGRAPADORA PRETUL','3','70.00','210.00','100.00'), ('3',NULL,'W1006','L METALICO','5000','0.50','2500.00','1.00'), ('3',NULL,'411-SNCL','ARCO 64MM','50','25.00','1250.00','35.00'), ('4',NULL,'4003','PRINCIAL COLOMB.CAOBA','10','12.00','120.00','20.00');
INSERT INTO `grupos` VALUES ('1','CHAPAS','1'), ('2','HERRAMIENTAS','1'), ('3','JALADORES','1'), ('4','PICAPORTES','1'), ('5','CANDADOS','1'), ('6','TOPES','1'), ('7','ACCESORIOS PARA MUEBLES','1'), ('8','BISAGRAS','1'), ('9','RIELES','1'), ('10','CAJA DE SEGURIDAD','1'), ('11','BRAZOS HIDRAULICOS','1'), ('12','PERCHERAS','1'), ('13','TALADROS','1'), ('14','MANGUERAS','1'), ('15','TRANSFORMADORES','1');
INSERT INTO `marcas` VALUES ('1','ALIANZA'), ('2','AMIG'), ('3','ARGENTINA'), ('4','CANTOL'), ('5','CHECO'), ('6','CHINO'), ('7','CESA'), ('8','DUCASSE'), ('9','DUREZA'), ('10','DVP'), ('11','EVERGOOD'), ('12','EVERLEO'), ('13','FAMILIE'), ('14','FGV'), ('15','GATO'), ('16','IRWIN'), ('17','JINGPIN'), ('18','LOOCKWELL'), ('19','MASTER'), ('20','NACIONAL'), ('21','PAPAIZ'), ('22','POLI'), ('23','POLIFORTE'), ('24','PROTECT'), ('25','STS'), ('26','SURTEK'), ('27','TRAVEX'), ('28','TRUPER'), ('29','UYUSTOOLS'), ('30','YALE'), ('31','FORTE'), ('32','CISA'), ('33','ALEMANA'), ('34','ISERO');
INSERT INTO `productos` VALUES ('1','PISPOT DE PISO PARA PUERTA','UNIDAD','NORMAL','10','0','','86151/3ZLO','6','1','1','0',NULL,NULL,'1'), ('2','CHAPA ALIANZA PERFIL ANCHA CR.','UNIDAD','NORMAL','10','0','','F 2400 IP','1','1','1','0',NULL,NULL,'1'), ('3','CHAPA ALIANZA PERFIL ANCHA NEGRA','UNIDAD','NORMAL','10','0','','F 2400 PF','1','1','1','0',NULL,NULL,'1'), ('4','CHAPA ALIANZA PERFIL ANGOSTA CR.','UNIDAD','NORMAL','10','0','','F 1400 IP','1','1','1','0',NULL,NULL,'1'), ('5','CHAPA ALIANZA PERFIL ANGOSTA PF','UNIDAD','NORMAL','10','10','','F 1400 PF','1','1','1','0',NULL,NULL,'1'), ('6','CHAPA ALIANZA PICO LORO CR.','UNIDAD','NORMAL','10','0','','F 1300 IP','1','1','1','0',NULL,NULL,'1'), ('7','CHAPA ALIANZA PICO LORO NEGRO','UNIDAD','NORMAL','10','0','','F 1300 PF','1','1','1','0',NULL,NULL,'1'), ('8','CHAPA ALIANZA TETRA IP','UNIDAD','NORMAL','5','0','','F 2000 IP','1','1','1','0',NULL,NULL,'1'), ('9','GANCHO PARA HAMACA','UNIDAD','NORMAL','3',NULL,'','7323 IP','7','1','1',NULL,NULL,NULL,'1'), ('10','TRANCAS CR','UNIDAD','NORMAL','20',NULL,'','86108/2 ZI','4','1','1',NULL,NULL,NULL,'1'), ('11','TRANCAS NEGRO','UNIDAD','NORMAL','20',NULL,'','86108/2 ZLO','4','1','1',NULL,NULL,NULL,'1'), ('12','PICAPORTE 60 ORO','UNIDAD','NORMAL',NULL,NULL,'','','4','2','1',NULL,NULL,NULL,'1'), ('13','PICAPORTE 80 ORO','UNIDAD','NORMAL',NULL,NULL,'','','4','2','1',NULL,NULL,NULL,'1'), ('14','PICAPORTE 100 ORO','UNIDAD','NORMAL',NULL,NULL,'','','4','2','1',NULL,NULL,NULL,'1'), ('15','PICAPORTE 60 AB','UNIDAD','NORMAL',NULL,NULL,'','','4','2','1',NULL,NULL,NULL,'1'), ('16','PICAPORTE 80 AB','UNIDAD','NORMAL',NULL,NULL,'','','4','2','1',NULL,NULL,NULL,'1'), ('17','PICAPORTE 100 AB','UNIDAD','NORMAL',NULL,NULL,'','','4','2','1',NULL,NULL,NULL,'1'), ('18','PICAPORTE 60 PLATA','UNIDAD','NORMAL',NULL,NULL,'','','4','2','1',NULL,NULL,NULL,'1'), ('19','PICAPORTE 80 PLATA','UNIDAD','NORMAL',NULL,NULL,'','','4','2','1',NULL,NULL,NULL,'1'), ('20','PICAPORTE 100 PLATA','UNIDAD','NORMAL',NULL,NULL,'','','4','2','1',NULL,NULL,NULL,'1'), ('21','PASADOR BICROMADO','UNIDAD','NORMAL',NULL,NULL,'','','4','2','1',NULL,NULL,NULL,'1'), ('22','JALADOR PUERTA NEGRO ROSCA','UNIDAD','NORMAL',NULL,NULL,'','','3','2','1',NULL,NULL,NULL,'1'), ('23','JALADOR PUERTA NEGRO','UNIDAD','NORMAL',NULL,NULL,'','','3','2','1',NULL,NULL,NULL,'1'), ('24','JALADOR PUERTA AB','UNIDAD','NORMAL',NULL,NULL,'','','3','2','1',NULL,NULL,NULL,'1'), ('25','CHAPA AMIG PERILLA BANO','UNIDAD','OFERTA','0','0','','CHAP6','1','2','1','0',NULL,NULL,'1'), ('26','RIEL GALVANIZADA 2 MTS','UNIDAD','NORMAL',NULL,NULL,'','RIEL 2','9','3','1',NULL,NULL,NULL,'1'), ('27','RIEL GALVANIZADA 3 MTS','UNIDAD','NORMAL',NULL,NULL,'','RIEL 3','9','3','1',NULL,NULL,NULL,'1'), ('28','CHAPA CANTOL 300 SOBREPUESTA','UNIDAD','NORMAL','5','0','','C300','1','4','1','0',NULL,NULL,'1'), ('29','CHAPA CANTOL330 MULTI SOBREPUESTA','UNIDAD','NORMAL','5','0','','C330','1','4','1','0',NULL,NULL,'1'), ('30','CHAPA CANTOL 900 SOBREPUESTA','UNIDAD','NORMAL','5','0','','C900','1','4','1','0',NULL,NULL,'1'), ('31','CHAPA CANTOL 800 SOBREPUESTA','UNIDAD','NORMAL','5','0','','C800','1','4','1','0',NULL,NULL,'1'), ('32','CHAPA FORTE 940 SOBREPUESTA','UNIDAD','NORMAL','5','0','','F940','1','31','1','0',NULL,NULL,'1'), ('33','CHAPA CANTOL DE BARRA','UNIDAD','NORMAL','5','0','','12005','1','4','1','0',NULL,NULL,'1'), ('34','CHAPA CANTOL MANIVELA CUADRADA DORADO','UNIDAD','NORMAL','5','0','','DA70','1','4','1','0',NULL,NULL,'1'), ('35','CHAPA YALE PRINCIPAL EMBUTIDA CON JALADOR LARGO DE 4 BULONES','UNIDAD','NORMAL','5','5','','11563','1','30','1','0',NULL,NULL,'1'), ('36','CHAPA CANTOL MANIVELA CURVA INOX','UNIDAD','NORMAL','5','0','','LE60','1','4','1','0',NULL,NULL,'1'), ('37','CHAPA CANTOL MANIVELA CURVA DORADO','UNIDAD','NORMAL','5','0','','LE70','1','4','1','0',NULL,NULL,'1'), ('38','CHAPA CANTOL MANIVELA CUADRADA OX','UNIDAD','NORMAL','5','0','','LD80','1','4','1','0',NULL,NULL,'1'), ('39','CHAPA CANTOL MANIVELA CUADRADA INOX','UNIDAD','NORMAL','5','0','','LD60','1','4','1','0',NULL,NULL,'1'), ('40','CHAPA YALE PRINCIPAL MANILLON AC','UNIDAD','NORMAL','5','0','','11286','1','30','1','0',NULL,NULL,'1'), ('41','BISAGRA PIANO','UNIDAD','NORMAL','0','0','','BISPIANO','8','5','1','0',NULL,NULL,'1'), ('42','PLATO GIRATORIO GRANDE 100 KILOS','UNIDAD','NORMAL','2','0','','F54120','7','6','1','0',NULL,NULL,'1'), ('43','PISPOT BOLA DORADO GRANDE PARA PUERTAS','UNIDAD','NORMAL','20','0','','50-5079-5/8BP','7','6','1','0',NULL,NULL,'1'), ('44','BISAGRA GABINETE','PAR','NORMAL','0','0','','BIS5','8','6','1','0',NULL,NULL,'1'), ('45','TORNILLO RIELES','CAJA','NORMAL',NULL,NULL,'','','7','6','1',NULL,NULL,NULL,'1'), ('46','SOPORTE VIDRIO CR.12MM','PAR','NORMAL','10',NULL,'','D01013-CP-1','7','6','1',NULL,NULL,NULL,'1'), ('47','SOPORTE VIDRIO CR.8MM','PAR','NORMAL','10',NULL,'','D01013-CP','7','6','1',NULL,NULL,NULL,'1'), ('48','JALADERA','UNIDAD','NORMAL',NULL,NULL,'','67-96AB2','3','6','1',NULL,NULL,NULL,'1'), ('49','JALADERA','UNIDAD','NORMAL',NULL,NULL,'','67-64AB2','3','6','1',NULL,NULL,NULL,'1'), ('50','JALADERA GOTA','UNIDAD','NORMAL',NULL,NULL,'','71-AB2','3','6','1',NULL,NULL,NULL,'1'), ('51','JALADERA','UNIDAD','NORMAL',NULL,NULL,'','75-64AB2','3','6','1',NULL,NULL,NULL,'1'), ('52','JALADERA GOTA','UNIDAD','NORMAL',NULL,NULL,'','P11008-AB','3','6','1',NULL,NULL,NULL,'1'), ('53','POMO 25MM','UNIDAD','NORMAL',NULL,NULL,'','912-2AB2','3','6','1',NULL,NULL,NULL,'1'), ('54','POMO 32MM','UNIDAD','NORMAL',NULL,NULL,'','913-AB2','3','6','1',NULL,NULL,NULL,'1'), ('55','PERCHERO DE ALUMINIO AB CHICO ASIA','UNIDAD','NORMAL','10','0','','HK01-AB2','12','6','1','0',NULL,NULL,'1'), ('56','PERCHERO DE ALUMINIO CR CHICO ASIA','UNIDAD','NORMAL','10','0','','HK01-CP','12','6','1','0',NULL,NULL,'1'), ('57','PERCHERO DE ALUMINIO CR GRANDE ASIA','UNIDAD','NORMAL','10','0','','HK02-CP','12','6','1','0',NULL,NULL,'1'), ('58','PERCHERO SIMPLE CHICO SN','UNIDAD','NORMAL','20','0','','K11059-SN','12','6','1','0',NULL,NULL,'1'), ('59','POMO CROMADO','UNIDAD','NORMAL',NULL,NULL,'','912-2CP','3','6','1',NULL,NULL,NULL,'1'), ('60','JALADERA ARCO','UNIDAD','NORMAL',NULL,NULL,'','P21075-96LW','3','6','1',NULL,NULL,NULL,'1'), ('61','JALADOR UNA','UNIDAD','NORMAL',NULL,NULL,'','P21141-AB','3','6','1',NULL,NULL,NULL,'1'), ('62','JALADERA UNA','UNIDAD','NORMAL',NULL,NULL,'','P21141-SN','3','6','1',NULL,NULL,NULL,'1'), ('63','JALADERA ARCO','UNIDAD','NORMAL',NULL,NULL,'','P21075-96AB','3','6','1',NULL,NULL,NULL,'1'), ('64','GANCHOS PARA CAMA','JUEGO','NORMAL','0','0','','F62518','7','6','1','0',NULL,NULL,'1'), ('65','JALADERA','UNIDAD','NORMAL',NULL,NULL,'','3757-AC','3','6','1',NULL,NULL,NULL,'1'), ('66','JALADERA UNA','UNIDAD','NORMAL',NULL,NULL,'','P21342-SN','3','6','1',NULL,NULL,NULL,'1'), ('67','PERCHERO DE ALUMINIO SN CHICO ASIA','UNIDAD','NORMAL','10','0','','HK01-SNCL','12','6','1','0',NULL,NULL,'1'), ('68','PERCHERO SIMPLE CHICO CROMADO','UNIDAD','NORMAL','20','0','','K11059-CP','12','6','1','0',NULL,NULL,'1'), ('69','PALETA PLASTICA TRANSPARENTE','UNIDAD','NORMAL','0','0','','F58250-T','7','6','1','0',NULL,NULL,'1'), ('70','PALETA PLASTICA BLANCO','UNIDAD','NORMAL','0','0','','F58250-W','7','6','1','0',NULL,NULL,'1'), ('71','PALETA PLASTICA CAFE','UNIDAD','NORMAL','0','0','','F701-C','7','6','1','0',NULL,NULL,'1'), ('72','POMO AB','UNIDAD','NORMAL',NULL,NULL,'','P11041-AB','3','6','1',NULL,NULL,NULL,'1'), ('73','POMO AC','UNIDAD','NORMAL',NULL,NULL,'','P11041-AC','3','6','1',NULL,NULL,NULL,'1'), ('74','POMO CHICO AB','UNIDAD','NORMAL',NULL,NULL,'','A8329-AB','3','6','1',NULL,NULL,NULL,'1'), ('75','JALADERA','UNIDAD','NORMAL',NULL,NULL,'','A1221-GP','3','6','1',NULL,NULL,NULL,'1'), ('76','TAPA TORNILLO BEIGE','UNIDAD','NORMAL','0','0','','C21-BE','7','6','1','0',NULL,NULL,'1'), ('77','TAPA TORNILLO CAFE','UNIDAD','NORMAL','0','0','','C21-C','7','6','1','0',NULL,NULL,'1'), ('78','TAPA TORNILLO PLOMO','UNIDAD','NORMAL','0','0','','C21-P','7','6','1','0',NULL,NULL,'1'), ('79','TAPA TORNILLO NEGRO','UNIDAD','NORMAL','0','0','','C21-N','7','6','1','0',NULL,NULL,'1'), ('80','TAPA TORNILLO AZUL','UNIDAD','NORMAL','0','0','','C21-A','7','6','1','0',NULL,NULL,'1'), ('81','TAPA TORNILLO ROJO','UNIDAD','NORMAL','0','0','','C21-R','7','6','1','0',NULL,NULL,'1'), ('82','TAPA TORNILLO MOSTAZA','UNIDAD','NORMAL','0','0','','C21-M','7','6','1','0',NULL,NULL,'1'), ('83','TAPA TORNILLO BLANCO','UNIDAD','NORMAL','0','0','','C21-B','7','6','1','0',NULL,NULL,'1'), ('84','TAPA TORNILLO CELESTE','UNIDAD','NORMAL','0','0','','C21-CE','7','6','1','0',NULL,NULL,'1'), ('85','JALADERA','UNIDAD','NORMAL',NULL,NULL,'','A748-96AB2','3','6','1',NULL,NULL,NULL,'1'), ('86','JALADERA','UNIDAD','NORMAL',NULL,NULL,'','737-96AB2','3','6','1',NULL,NULL,NULL,'1'), ('87','JALADERA ARCO','UNIDAD','NORMAL',NULL,NULL,'','P21075-96DW','3','6','1',NULL,NULL,NULL,'1'), ('88','JALADERA','UNIDAD','NORMAL',NULL,NULL,'','P21879-96SS','3','6','1',NULL,NULL,NULL,'1'), ('89','JALADERA UNA','UNIDAD','NORMAL',NULL,NULL,'','P21342-AB','3','6','1',NULL,NULL,NULL,'1'), ('90','JALADERA COLONIAL','UNIDAD','NORMAL',NULL,NULL,'','P24080-SN','3','6','1',NULL,NULL,NULL,'1'), ('91','JALADERA','UNIDAD','NORMAL',NULL,NULL,'','3789 BN','3','6','1',NULL,NULL,NULL,'1'), ('92','JALADERA','UNIDAD','NORMAL',NULL,NULL,'','742-SNCL','3','6','1',NULL,NULL,NULL,'1'), ('93','JALADERA','UNIDAD','NORMAL',NULL,NULL,'','91-AB2','3','6','1',NULL,NULL,NULL,'1'), ('94','JALADERA','UNIDAD','NORMAL',NULL,NULL,'','763-SNCL','3','6','1',NULL,NULL,NULL,'1'), ('95','PICAPORTE','UNIDAD','NORMAL',NULL,NULL,'','B01006-GP','4','6','1',NULL,NULL,NULL,'1'), ('96','PISPOT IMAN CHICO','UNIDAD','NORMAL','0','0','','IMAN CHICO','7','6','1','0',NULL,NULL,'1'), ('97','PISPOT IMAN GRANDE','UNIDAD','NORMAL','0','0','','SH-BIG','7','6','1','0',NULL,NULL,'1'), ('98','RIEL DE ESCONDER LATERAL','PAR','NORMAL',NULL,NULL,'','','9','6','1',NULL,NULL,NULL,'1'), ('99','PERCHERO DE ALUMINIO SN GRANDE ASIA','UNIDAD','NORMAL','10','0','','HK02-SN','12','6','1','0',NULL,NULL,'1'), ('100','PERCHERO DE ALUMINIO AB GRANDE ASIA','UNIDAD','NORMAL','10','0','','HK02-AB','12','6','1','0',NULL,NULL,'1');
INSERT INTO `productos` VALUES ('101','JALADOR CAIDA','UNIDAD','NORMAL',NULL,NULL,'','P21074-96AB','3','6','1',NULL,NULL,NULL,'1'), ('102','JALADOR ARCO SN ECONOMICO','UNIDAD','NORMAL','0','0','','P21075-96 SN','3','6','1','0',NULL,NULL,'1'), ('103','JALADOR ARCO BLANCO 128MM','UNIDAD','NORMAL','0','0','','A410B-WH','3','6','1','0',NULL,NULL,'1'), ('104','JALADOR ARCO NEGRO 64MM','UNIDAD','NORMAL','0','0','','411-BCP','3','6','1','0',NULL,NULL,'1'), ('105','JALADOR ARCO 64MM SNCL','UNIDAD','NORMAL','0','0','','411-SNCL','3','6','1','0',NULL,NULL,'1'), ('106','JALADOR COLGANTE AB','UNIDAD','NORMAL',NULL,NULL,'','66-64 AE','3','6','1',NULL,NULL,NULL,'1'), ('107','JALADOR HOJA NEGRA','UNIDAD','NORMAL',NULL,NULL,'','970-BLK','3','6','1',NULL,NULL,NULL,'1'), ('108','JALADOR NEGRO','UNIDAD','NORMAL',NULL,NULL,'','614-BLK','3','6','1',NULL,NULL,NULL,'1'), ('109','BOTON KG','UNIDAD','NORMAL',NULL,NULL,'','912-2KG','3','6','1',NULL,NULL,NULL,'1'), ('110','BOTON AB','UNIDAD','NORMAL',NULL,NULL,'','905-AB2','3','6','1',NULL,NULL,NULL,'1'), ('111','BOTON AB','UNIDAD','NORMAL',NULL,NULL,'','P11041-AB','3','6','1',NULL,NULL,NULL,'1'), ('112','BOTON AB','UNIDAD','NORMAL',NULL,NULL,'','A08329-AB','3','6','1',NULL,NULL,NULL,'1'), ('113','BOTON AC','UNIDAD','NORMAL',NULL,NULL,'','P11041-AC','3','6','1',NULL,NULL,NULL,'1'), ('114','JALADOR CR','UNIDAD','NORMAL',NULL,NULL,'','748-96 CP','3','6','1',NULL,NULL,NULL,'1'), ('115','JALADOR','UNIDAD','NORMAL',NULL,NULL,'','7010-128 AB','3','6','1',NULL,NULL,NULL,'1'), ('116','JALADOR','UNIDAD','NORMAL',NULL,NULL,'','7010-128 SNCL','3','6','1',NULL,NULL,NULL,'1'), ('117','PLATO GIRATORIO CHICO','UNIDAD','NORMAL','2','0','','','7','6','1','0',NULL,NULL,'1'), ('118','TARUGOS MADERA','CIEN','NORMAL',NULL,NULL,'','','7','6','1',NULL,NULL,NULL,'1'), ('119','BISAGRA PISPOT GRANDE  RECTA','PAR','NORMAL','0','0','','BIS22','8','6','1','0',NULL,NULL,'1'), ('120','BISAGRA PISPOT GRANDE SEMI','PAR','NORMAL','0','0','','BIS23','8','6','1','0',NULL,NULL,'1'), ('121','BISAGRA PISPOT GRANDE CURVA','PAR','NORMAL','0','0','','BIS24','8','6','1','0',NULL,NULL,'1'), ('122','CHAPITA VIDRIO ECONOMICA TIPO SIERRA','UNIDAD','NORMAL','0','0','','CHAP9','1','6','1','0',NULL,NULL,'1'), ('123','CHAPITA CUADRADA ECONOM MINI','UNIDAD','NORMAL','0','0','','CHAP10','1','6','1','0',NULL,NULL,'1'), ('124','CHAPITA CUADRADA ECONOM','UNIDAD','NORMAL','0','0','','CHAP11','1','6','1','0',NULL,NULL,'1'), ('125','CHAPITA OVAL ECONOM','UNIDAD','NORMAL','0','0','','CHAP12','1','6','1','0',NULL,NULL,'1'), ('126','RIEL TELESCOPICA DELGADA','UNIDAD','NORMAL',NULL,NULL,'','T-25','9','6','1',NULL,NULL,NULL,'1'), ('127','RIEL TELESCOPICA DELGADA','UNIDAD','NORMAL',NULL,NULL,'','T-30','9','6','1',NULL,NULL,NULL,'1'), ('128','RIEL TELESCOPICA DELGADA','UNIDAD','NORMAL',NULL,NULL,'','T-35','9','6','1',NULL,NULL,NULL,'1'), ('129','RIEL TELESCOPICA DELGADA','UNIDAD','NORMAL',NULL,NULL,'','T-40','9','6','1',NULL,NULL,NULL,'1'), ('130','RIEL TELESCOPICA DELGADA','UNIDAD','NORMAL',NULL,NULL,'','T-45','9','6','1',NULL,NULL,NULL,'1'), ('131','RIEL TELESCOPICA DELGADA','UNIDAD','NORMAL',NULL,NULL,'','T-50','9','6','1',NULL,NULL,NULL,'1'), ('132','JALADOR','UNIDAD','NORMAL',NULL,NULL,'','D-COLONIAL','3','6','1',NULL,NULL,NULL,'1'), ('133','JALADOR','UNIDAD','NORMAL',NULL,NULL,'','D-1','3','6','1',NULL,NULL,NULL,'1'), ('134','JALADOR UNA','UNIDAD','NORMAL',NULL,NULL,'','D-2','3','6','1',NULL,NULL,NULL,'1'), ('135','JALADOR UNA','UNIDAD','NORMAL',NULL,NULL,'','D-3','3','6','1',NULL,NULL,NULL,'1'), ('136','CURVO GRANDE ALUMINIO','UNIDAD','NORMAL',NULL,NULL,'','D-4','3','6','1',NULL,NULL,NULL,'1'), ('137','CURVO CHICO ALUMINIO','UNIDAD','NORMAL',NULL,NULL,'','D-5','3','6','1',NULL,NULL,NULL,'1'), ('138','JALADOR DE ALUMINIO PLANO CHICO','UNIDAD','NORMAL','0','0','','D-6','3','6','1','0',NULL,NULL,'1'), ('139','JALADOR DE ALUMINIO PLANO GRANDE','UNIDAD','NORMAL','0','0','','D-7','3','6','1','0',NULL,NULL,'1'), ('140','JALADOR ARCO DE FUTBOL CROMO 128','UNIDAD','NORMAL','0','0','','D-8','3','6','1','0',NULL,NULL,'1'), ('141','JALADOR ARCODE FUTBOL CROMO 96','UNIDAD','NORMAL','0','0','','D-9','3','6','1','0',NULL,NULL,'1'), ('142','JALADOR CROMADO 96','UNIDAD','NORMAL',NULL,NULL,'','D-10','3','6','1',NULL,NULL,NULL,'1'), ('143','JALADOR ARCO 96MM CROMADO ITALIA DELGADO','UNIDAD','NORMAL','0','0','','D-11','3','6','1','0',NULL,NULL,'1'), ('144','JALADOR BARRA 64MM','UNIDAD','NORMAL',NULL,NULL,'','D-12','3','6','1',NULL,NULL,NULL,'1'), ('145','JALADOR BARRA 96','UNIDAD','NORMAL',NULL,NULL,'','D-13','3','6','1',NULL,NULL,NULL,'1'), ('146','JALADOR BARRA 128','UNIDAD','NORMAL',NULL,NULL,'','D-14','3','6','1',NULL,NULL,NULL,'1'), ('147','JALADOR BARRA ALUMINIO 160MM','UNIDAD','NORMAL','0','0','','D-15','3','6','1','0',NULL,NULL,'1'), ('148','JALADOR BARRA ALUMINIO 96MM','UNIDAD','NORMAL','0','0','','D-16','3','6','1','0',NULL,NULL,'1'), ('149','BOTON AMERICA CR','UNIDAD','NORMAL',NULL,NULL,'','D-17','3','6','1',NULL,NULL,NULL,'1'), ('150','BOTON AMERICA SN','UNIDAD','NORMAL',NULL,NULL,'','D-18','3','6','1',NULL,NULL,NULL,'1'), ('151','SOPORTE TUBO PLASTICO BLANCO','PAR','NORMAL','0','0','','','7','6','1','0',NULL,NULL,'1'), ('152','JALADOR','UNIDAD','NORMAL',NULL,NULL,'','55160-128AB','3','6','1',NULL,NULL,NULL,'1'), ('153','JALADOR ARCO SN 128 COLOR PLOMO CELESTE ','UNIDAD','NORMAL','0','0','','211-128SN','3','6','1','0',NULL,NULL,'1'), ('154','JALADOR','UNIDAD','NORMAL',NULL,NULL,'','55128-96','3','6','1',NULL,NULL,NULL,'1'), ('155','PERCHERO DOBLE DORADO GRANDE MYM','UNIDAD','NORMAL','10','0','','71072GP','12','6','1','0',NULL,NULL,'1'), ('156','PERCHERO DOBLE CROMADO GRANDE MYM','UNIDAD','NORMAL','10','0','','71072CR','12','6','1','0',NULL,NULL,'1'), ('157','PERCHERO DOBLE SN GRANDE MYM','UNIDAD','NORMAL','10','0','','71072SN','12','6','1','0',NULL,NULL,'1'), ('158','PERCHERO DOBLE OX GRANDE MYM','UNIDAD','NORMAL','10','0','','71072OX','12','6','1','0',NULL,NULL,'1'), ('159','PERCHERO DOBLE EN V  COLOR GP','UNIDAD','NORMAL','20','0','','K07809GP','12','6','1','0',NULL,NULL,'1'), ('160','PERCHERO DOBLE EN V COLOR AB','UNIDAD','NORMAL','20','0','','K07809AB','12','6','1','0',NULL,NULL,'1'), ('161','PERCHERO DOBLE EN V COLOR MADERA','UNIDAD','NORMAL','20','0','','K07809WOOD','12','6','1','0',NULL,NULL,'1'), ('162','PERCHERO DOBLE EN V COLOR SN','UNIDAD','NORMAL','20','0','','K07809SN','12','6','1','0',NULL,NULL,'1'), ('163','PERCHERO DOBLE EN V COLOR CROMADO','UNIDAD','NORMAL','20','0','','K07809CR','12','6','1','0',NULL,NULL,'1'), ('164','BISAGRA SENCILLA DE2 1/2 AB','PAR','NORMAL','0','0','','BIS25','8','6','1','0',NULL,NULL,'1'), ('165','TOPE REDONDO PARED SN','UNIDAD','NORMAL',NULL,NULL,'','','6','6','1',NULL,NULL,NULL,'1'), ('166','TOPE REDONDO PARED OX','UNIDAD','NORMAL',NULL,NULL,'','','6','6','1',NULL,NULL,NULL,'1'), ('167','TOPE PISO OX','UNIDAD','NORMAL',NULL,NULL,'','','6','6','1',NULL,NULL,NULL,'1'), ('168','TOPE PISO SN','UNIDAD','NORMAL',NULL,NULL,'','','6','6','1',NULL,NULL,NULL,'1'), ('169','BISAGRA SENCILLA 4\" OX MYM','PAR','NORMAL','0','0','','BIS26','8','6','1','0',NULL,NULL,'1'), ('170','BISAGRA SENCILLA DE 3 1/2 SN','PAR','NORMAL','0','0','','BIS27','8','6','1','0',NULL,NULL,'1'), ('171','BISAGRA SENCILLA DE 3 1/2 DO','PAR','NORMAL','0','0','','BIS28','8','6','1','0',NULL,NULL,'1'), ('172','BISAGRA SENCILLA 4\" DO MYM','PAR','NORMAL','0','0','','BIS29','8','6','1','0',NULL,NULL,'1'), ('173','PALETA METALICO CR','UNIDAD','NORMAL','0','0','','PALETA CR','7','6','1','0',NULL,NULL,'1'), ('174','PALETA METALICO OX','UNIDAD','NORMAL',NULL,NULL,'','PALETA OX','7','6','1',NULL,NULL,NULL,'1'), ('175','JALADOR PUERTA AB','UNIDAD','NORMAL',NULL,NULL,'','A-136B','3','6','1',NULL,NULL,NULL,'1'), ('176','JALADOR PUERTA AB C-TAPA','UNIDAD','NORMAL',NULL,NULL,'','A-136A','3','6','1',NULL,NULL,NULL,'1'), ('177','JALADOR ARCO RECTANGULAR AB','UNIDAD','NORMAL',NULL,NULL,'','M-1','3','6','1',NULL,NULL,NULL,'1'), ('178','JALADOR ARCO 128MM AB','UNIDAD','NORMAL',NULL,NULL,'','M-2','3','6','1',NULL,NULL,NULL,'1'), ('179','JALADOR ARCO 96MM AB','UNIDAD','NORMAL',NULL,NULL,'','M-3','3','6','1',NULL,NULL,NULL,'1'), ('180','JALADOR CURVO DELGADO 96 AB','UNIDAD','NORMAL',NULL,NULL,'','M-4','3','6','1',NULL,NULL,NULL,'1'), ('181','JALADOR PUERTA AB','UNIDAD','NORMAL',NULL,NULL,'','M-4','3','6','1',NULL,NULL,NULL,'1'), ('182','JALADOR PUERTA CR','UNIDAD','NORMAL',NULL,NULL,'','M-5','3','6','1',NULL,NULL,NULL,'1'), ('183','JALADOR','UNIDAD','NORMAL',NULL,NULL,'','1745-96','3','6','1',NULL,NULL,NULL,'1'), ('184','CANDADO CLAVE CHINO REDONDO','UNIDAD','NORMAL','0','0','','','5','6','1','0',NULL,NULL,'1'), ('185','CANDADO GLOBE #50','UNIDAD','NORMAL','0','0','','','5','6','1','0',NULL,NULL,'1'), ('186','CANDADO TRICIRCLE #50','UNIDAD','NORMAL','0','0','','','5','6','1','0',NULL,NULL,'1'), ('187','BISAGRA ROCCO 4\"AC ','PAR','NORMAL','0','0','','BISROCCO','8','6','1','0',NULL,NULL,'1'), ('188','BISAGRA SENCILLA DE 3 1/2 X3 1/2 DO CHINA','PAR','NORMAL','0','0','','BIS30','8','6','1','0',NULL,NULL,'1'), ('189','BISAGRA SENCILLA DE 4X4 DO CHIINA','PAR','NORMAL','0','0','','BIS31','8','6','1','0',NULL,NULL,'1'), ('190','RIEL CHINO #55','JUEGO','NORMAL',NULL,NULL,'','','9','6','1',NULL,NULL,NULL,'1'), ('191','PICAPORTE EVERGOOD CON RESORTE','UNIDAD','NORMAL','0','0','','F721','4','6','1','0',NULL,NULL,'1'), ('192','CHAPITA EVERGOOD 261 LARGO','UNIDAD','NORMAL','0','0','','261LARGO','1','6','1','0',NULL,NULL,'1'), ('193','CHAPITA DUREZA BOTON ','UNIDAD','NORMAL','0','0','','CHAP3','1','6','1','0',NULL,NULL,'1'), ('194','CHAPITA VIDRIO BATIENTE','UNIDAD','NORMAL','0','0','','CHAP8','1','6','1','0',NULL,NULL,'1'), ('195','CHAPA BOTON EVERGOOD','UNIDAD','NORMAL',NULL,NULL,'','105CR','1','6','1',NULL,NULL,NULL,'1'), ('196','CHAPA BOTON DO','UNIDAD','NORMAL',NULL,NULL,'','105DO','1','6','1',NULL,NULL,NULL,'1'), ('197','CHAPITA EVERGOOD GAVETERO 228','UNIDAD','NORMAL','0','0','','228','1','6','1','0',NULL,NULL,'1'), ('198','CHAPITA EVERGOOD AUTOMA DO 128','UNIDAD','NORMAL','0','0','','128DO','1','6','1','0',NULL,NULL,'1'), ('199','CHAPITA EVERGOOD 2 GOLPES 139CR','UNIDAD','NORMAL','0','0','','139CR','1','6','1','0',NULL,NULL,'1'), ('200','CHAPITA EVERGOOD OVAL DO','UNIDAD','NORMAL','0','0','','106DO','1','6','1','0',NULL,NULL,'1');
INSERT INTO `productos` VALUES ('201','CHAPITA EVERGOOD TIPO FLECHA DO P-CORREDIZA','UNIDAD','NORMAL','0','0','','202DO','1','6','1','0',NULL,NULL,'1'), ('202','CHAPITA EVERGOOD TIPO ALETA 201 CR','UNIDAD','NORMAL','0','0','','201','1','6','1','0',NULL,NULL,'1'), ('203','CHAPITA EVERGOOD TIPO FLECHA CR P-CORREDIZA','UNIDAD','NORMAL','0','0','','202CR','1','6','1','0',NULL,NULL,'1'), ('204','CHAPITA EVERGOOD LLAVE UNIVERSAL TUBO REDONDO','UNIDAD','NORMAL','0','0','','335CP','1','6','1','0',NULL,NULL,'1'), ('205','CHAPITA EVERGOOD LATERAL 1.5 METROS','UNIDAD','NORMAL','0','0','','108CR1.5MTS','1','6','1','0',NULL,NULL,'1'), ('206','CHAPITA EVERGOOD LATERAL 60 CMS','UNIDAD','NORMAL','0','0','','108CR','1','6','1','0',NULL,NULL,'1'), ('207','JALADOR DORADO','UNIDAD','NORMAL',NULL,NULL,'','3716','3','6','1',NULL,NULL,NULL,'1'), ('208','BOTON DORADO BLANCO','UNIDAD','NORMAL',NULL,NULL,'','3421','3','6','1',NULL,NULL,NULL,'1'), ('209','BOTON DORADO FLOR','UNIDAD','NORMAL',NULL,NULL,'','44','3','6','1',NULL,NULL,NULL,'1'), ('210','JALADOR GRANDE PUERTA SN','UNIDAD','NORMAL',NULL,NULL,'','A-153','3','6','1',NULL,NULL,NULL,'1'), ('211','PASADOR DE GIRO OX CHICO','UNIDAD','NORMAL',NULL,NULL,'','','4','6','1',NULL,NULL,NULL,'1'), ('212','JALADOR UNA SN PLASTICO','UNIDAD','NORMAL',NULL,NULL,'','','3','6','1',NULL,NULL,NULL,'1'), ('213','JALADOR UNA OX PLASTICO','UNIDAD','NORMAL',NULL,NULL,'','','3','6','1',NULL,NULL,NULL,'1'), ('214','PICAPORTE 2 1/2','UNIDAD','NORMAL',NULL,NULL,'','','4','6','1',NULL,NULL,NULL,'1'), ('215','BISAGRA PISPOT SEMI CHICA DALMACIA','PAR','NORMAL','25','25','','BIS32','8','6','1','0',NULL,NULL,'1'), ('216','BISAGRA PISPOT RECTA CHICA DALMACIA','PAR','NORMAL','25','25','','BIS33','8','6','1','0',NULL,NULL,'1'), ('217','PICAPORTE DORADO','UNIDAD','NORMAL',NULL,NULL,'','BOLT','4','6','1',NULL,NULL,NULL,'1'), ('218','PERCHERO DOBLE CR SANGUEZA','UNIDAD','NORMAL','10','0','','','12','6','1','0',NULL,NULL,'1'), ('219','PERCHERO DOBLE OX SANGUEZA','UNIDAD','NORMAL','10','0','','','12','6','1','0',NULL,NULL,'1'), ('220','BISAGRA VAIVEN 3\" SANGUEZA','PAR','NORMAL','0','0','','BIS34','8','6','1','0',NULL,NULL,'1'), ('221','BISAGRA ACERO PLANA 4\" GP','PAR','NORMAL','0','0','','BIS35','8','6','1','0',NULL,NULL,'1'), ('222','BISAGRA ACERO CORONA 4\" GP','PAR','NORMAL','0','0','','BIS36','8','6','1','0',NULL,NULL,'1'), ('223','BISAGRA ACERO CORONA 4\"AB','PAR','NORMAL','0','0','','BIS37','8','6','1','0',NULL,NULL,'1'), ('224','BISAGRA ACERO PLANA 4\" SN','PAR','NORMAL','0','0','','BIS38','8','6','1','0',NULL,NULL,'1'), ('225','BISAGRA ACERO BOLA 4\"SN','PAR','NORMAL','0','0','','BIS39','8','6','1','0',NULL,NULL,'1'), ('226','BISAGRA ACERO 3\" CR ','PAR','NORMAL','0','0','','BIS40','8','6','1','0',NULL,NULL,'1'), ('227','BISAGRA ACERO PLANA 5\" AB','PAR','NORMAL','0','0','','BIS41','8','6','1','0',NULL,NULL,'1'), ('228','BISAGRA ACERO CORONA 3\"AB','PAR','NORMAL','0','0','','BIS42','8','6','1','0',NULL,NULL,'1'), ('229','BISAGRA ACERO CORONA 3\"GP','PAR','NORMAL','0','0','','BIS43','8','6','1','0',NULL,NULL,'1'), ('230','JALADOR','UNIDAD','NORMAL',NULL,NULL,'','A8053-128A','3','6','1',NULL,NULL,NULL,'1'), ('231','JALADOR 160MMSS','UNIDAD','NORMAL',NULL,NULL,'','2021','3','6','1',NULL,NULL,NULL,'1'), ('232','BOTON SN','UNIDAD','NORMAL',NULL,NULL,'','L-1','3','6','1',NULL,NULL,NULL,'1'), ('233','SOPORTE TUBO METALICO','PAR','NORMAL','100',NULL,'','25#','7','6','1',NULL,NULL,NULL,'1'), ('234','JALADOR ARCO NEGRO','UNIDAD','NORMAL','500',NULL,'','SF-1','3','6','1',NULL,NULL,NULL,'1'), ('235','JALADOR BRONCE','UNIDAD','NORMAL','200',NULL,'','SF-2','3','6','1',NULL,NULL,NULL,'1'), ('236','JALADOR BRONCE','UNIDAD','NORMAL','200',NULL,'','SF-3','3','6','1',NULL,NULL,NULL,'1'), ('237','BISAGRA VAIVEN 4\" INOX','PAR','NORMAL','20','20','','BIS44','8','6','1','0',NULL,NULL,'1'), ('238','PICAPORTE 6\"','UNIDAD','NORMAL','50',NULL,'','','4','6','1',NULL,NULL,NULL,'1'), ('239','PICAPORTE 8\"','UNIDAD','NORMAL','50',NULL,'','','4','6','1',NULL,NULL,NULL,'1'), ('240','BRAZO NEUMATICO','UNIDAD','NORMAL','50','0','','120NEWTON','7','6','1','0',NULL,NULL,'1'), ('241','BISAGRA PISPOT AUT.RECTA','PAR','NORMAL','100','0','','BIS45','8','6','1','0',NULL,NULL,'1'), ('242','BISAGRA PISPOT AUT.SEMI','PAR','NORMAL','100','0','','BIS46','8','6','1','0',NULL,NULL,'1'), ('243','BISAGRA OXFORD 3\"SN','PAR','NORMAL','100','100','','BIS18','8','6','1','0',NULL,NULL,'1'), ('244','BISAGRA OXFORD 3\"AB','PAR','NORMAL','100','100','','BIS19','8','6','1','0',NULL,NULL,'1'), ('245','BISAGRA OXFORD 4\" SN','PAR','NORMAL','100','100','','BIS20','8','6','1','0',NULL,NULL,'1'), ('246','BISAGRA OXFORD 4\" AB','PAR','NORMAL','100','100','','BIS21','8','6','1','0',NULL,NULL,'1'), ('247','JALADOR UNA','UNIDAD','NORMAL','200',NULL,'','6535#','3','6','1',NULL,NULL,NULL,'1'), ('248','JALADOR UNA','UNIDAD','NORMAL','200',NULL,'','1063#AB','3','6','1',NULL,NULL,NULL,'1'), ('249','JALADOR UNA','UNIDAD','NORMAL','200',NULL,'','1063#SN','3','6','1',NULL,NULL,NULL,'1'), ('250','TRANCAS MASTER','UNIDAD','NORMAL',NULL,NULL,'','','4','6','1',NULL,NULL,NULL,'1'), ('251','PISPOT MUEBLE TRADICIOMAL','UNIDAD','NORMAL','100','0','','','7','6','1','0',NULL,NULL,'1'), ('252','JALADOR ARCO 128 AB','UNIDAD','NORMAL','0','0','','4655 AB','3','6','1','0',NULL,NULL,'1'), ('253','JALADOR ARCO 64MM DNCL','UNIDAD','NORMAL','0','0','','7164 DNCL','3','6','1','0',NULL,NULL,'1'), ('254','JALADOR ARCO 64MM CR','UNIDAD','NORMAL','0','0','','7164 CR','3','6','1','0',NULL,NULL,'1'), ('255','BOTON AC','UNIDAD','NORMAL',NULL,NULL,'','80464 AC','3','6','1',NULL,NULL,NULL,'1'), ('256','CHAPA CISA 2 GOLPES ELECTRIC.','UNIDAD','NORMAL','0','0','','CHAP13','1','7','1','0',NULL,NULL,'1'), ('257','CHAPA CISA NORMAL ELECTRIC.','UNIDAD','NORMAL','0','0','','CHAP14','1','7','1','0',NULL,NULL,'1'), ('258','CHAPA CISA 120 SOBREPUESTA ROJA','UNIDAD','OFERTA','100','0','','CHAP7','1','32','1','0',NULL,NULL,'1'), ('259','RIEL DUCASSE SIMPLE 2 MTS','UNIDAD','NORMAL',NULL,NULL,'','','9','8','1',NULL,NULL,NULL,'1'), ('260','RIEL DUCASSE SIMPLE 3 MTS','UNIDAD','NORMAL',NULL,NULL,'','','9','8','1',NULL,NULL,NULL,'1'), ('261','RIEL DUCASSE DOBLE 2 MTS','UNIDAD','NORMAL',NULL,NULL,'','','9','8','1',NULL,NULL,NULL,'1'), ('262','RIEL DUCASSE DOBLE 3 MTS','UNIDAD','NORMAL',NULL,NULL,'','','9','8','1',NULL,NULL,NULL,'1'), ('263','CHAPA DUREZA BOLA MANIVELA OX','UNIDAD','NORMAL','0','0','','CHAP4','1','9','1','0',NULL,NULL,'1'), ('264','CHAPA DUREZA BOLA MANIVELA SN','UNIDAD','NORMAL','0','0','','CHAP5','1','9','1','0',NULL,NULL,'1'), ('265','CHAPA DUREZA BOLA OX','UNIDAD','NORMAL','0','0','','CHAP1','1','9','1','0',NULL,NULL,'1'), ('266','BISAGRA DUREZA 3 SN','PAR','NORMAL','0','0','','BIS3','8','9','1','0',NULL,NULL,'1'), ('267','BISAGRA DUREZA 4 SN','PAR','NORMAL','0','0','','BIS4','8','9','1','0',NULL,NULL,'1'), ('268','DUREZA TELESCOPICA #30','JUEGO','NORMAL',NULL,NULL,'','','9','9','1',NULL,NULL,NULL,'1'), ('269','DUREZA TELESCOPICA #40','JUEGO','NORMAL',NULL,NULL,'','','9','9','1',NULL,NULL,NULL,'1'), ('270','DUREZA TELESCOPICA #45','JUEGO','NORMAL',NULL,NULL,'','','9','9','1',NULL,NULL,NULL,'1'), ('271','RIEL COLGANTE SIMPLE 3MTS','UNIDAD','NORMAL',NULL,NULL,'','','9','9','1',NULL,NULL,NULL,'1'), ('272','JALADOR','UNIDAD','NORMAL',NULL,NULL,'','DVP-1','3','10','1',NULL,NULL,NULL,'1'), ('273','CHAPITA EVERGOOD MUEBLE OVAL CR','UNIDAD','NORMAL','50','0','','W106CP','1','11','1','0',NULL,NULL,'1'), ('274','CHAPITA EVERGOOD MUEBLE LATERAL DESPLAZADA','UNIDAD','NORMAL','10','0','','W107CP','1','11','1','0',NULL,NULL,'1'), ('275','CHAPITA EVERGOOD MUEBLE CUADRADO 138 CR','UNIDAD','NORMAL','50','0','','W138CP','1','11','1','0',NULL,NULL,'1'), ('276','CHAPITA EVERGOOD MUEBLE OVAL DELGADA 261CR','UNIDAD','NORMAL','50','0','','W261CP','1','11','1','0',NULL,NULL,'1'), ('277','CHAPITA EVERGOOD MUEBLE ROSCA LLAVE TUBO TRIANGULAR CR','UNIDAD','NORMAL','70','0','','W334CP','1','11','1','0',NULL,NULL,'1'), ('278','CHAPITA EVERGOOD ROSCA 16MM','UNIDAD','NORMAL','25','0','','W102-16CP','1','11','1','0',NULL,NULL,'1'), ('279','CHAPITA EVERGOOD ROSCA 20MM','UNIDAD','NORMAL','25','0','','W102-20CP','1','11','1','0',NULL,NULL,'1'), ('280','CHAPITA EVERGOOD ROSCA 25MM','UNIDAD','NORMAL','25','0','','W102-25CP','1','11','1','0',NULL,NULL,'1'), ('281','CHAPITA EVERGOOD CUADRADA CUELLO 32MM LARGA','UNIDAD','NORMAL','25','0','','W137L32','1','11','1','0',NULL,NULL,'1'), ('282','CHAPITA EVERGOOD CUAGRADA CUELLO 38MM LARGA','UNIDAD','NORMAL','25','0','','W137L38','1','11','1','0',NULL,NULL,'1'), ('283','CHAPITA EVERGOOD FRONTAL 120MM','UNIDAD','NORMAL','25','0','','W288L120','1','11','1','0',NULL,NULL,'1'), ('284','CHAPITA EVERGOOD PARA VIDRIO TIPO SIERRA','UNIDAD','NORMAL','25','0','','W220CP','1','11','1','0',NULL,NULL,'1'), ('285','CHAPA EVERGOOD DE VARILLA TIPO CREMONA','UNIDAD','NORMAL','10','0','','W169CP','1','11','1','0',NULL,NULL,'1'), ('286','CHAPITA EVERGOOD FRONTAL 60MM','UNIDAD','NORMAL','25','0','','W288L60','1','11','1','0',NULL,NULL,'1'), ('287','L METALICO','UNIDAD','NORMAL','500','500','','W1006','7','11','1','0',NULL,NULL,'1'), ('288','ALDABA CON CHAPA EVERGOOD CORTA','UNIDAD','NORMAL','10','10','','W382CP','1','11','1','0',NULL,NULL,'1'), ('289','ALDABA CON CHAPA EVERGOOD LARGA','UNIDAD','NORMAL','10','0','','W383CP','1','11','1','0',NULL,NULL,'1'), ('290','CHAPITA EVERGOOD CUADRADA DORADO','UNIDAD','NORMAL','10','0','','W138BP','1','11','1','0',NULL,NULL,'1'), ('291','CHAPITA EVERGOOD LLAVE TUBO TIPO AUTOMOVIL','UNIDAD','NORMAL','10','0','','W361CP ','1','11','1','0',NULL,NULL,'1'), ('292','CHAPA EVERLEO 267 MILAN','UNIDAD','NORMAL','10','0','','E267','1','12','1','0',NULL,NULL,'1'), ('293','CHAPA  EVERLEO 270 SABA','UNIDAD','NORMAL','10','0','','E270','1','12','1','0',NULL,NULL,'1'), ('294','CHAPA EVERLEO 550 ROMA','UNIDAD','NORMAL','10','0','','E550','1','12','1','0',NULL,NULL,'1'), ('295','CHAPA FAMILIE PRINCIPAL','UNIDAD','NORMAL','0','0','','CHAP17','1','13','1','0',NULL,NULL,'1'), ('296','CHAPA FAMILIE CUADRADA OX','UNIDAD','NORMAL','0','0','','CHAP15','1','13','1','0',NULL,NULL,'1'), ('297','CHAPA FAMILIE CUADRADA SN','UNIDAD','NORMAL','0','0','','CHAP16','1','13','1','0',NULL,NULL,'1'), ('298','RIEL FGV BLANCA #60','JUEGO','NORMAL',NULL,NULL,'','','9','14','1',NULL,NULL,NULL,'1'), ('299','RIEL FGV BLANCA #55','JUEGO','NORMAL',NULL,NULL,'','','9','14','1',NULL,NULL,NULL,'1'), ('300','RIEL FGV BLANCA #40','JUEGO','NORMAL',NULL,NULL,'','','9','14','1',NULL,NULL,NULL,'1');
INSERT INTO `productos` VALUES ('301','RIEL FGV BLANCA #35','JUEGO','NORMAL',NULL,NULL,'','','9','14','1',NULL,NULL,NULL,'1'), ('302','RIEL FGV BLANCA #30','JUEGO','NORMAL',NULL,NULL,'','','9','14','1',NULL,NULL,NULL,'1'), ('303','RIEL FGV BLANCA #45','JUEGO','NORMAL',NULL,NULL,'','','9','14','1',NULL,NULL,NULL,'1'), ('304','CHAPA GATO 787 NORMAL','UNIDAD','NORMAL','0','0','','787NORMAL','1','15','1','0',NULL,NULL,'1'), ('305','CHAPA GATO 787 MULTIPUNTO','UNIDAD','NORMAL','0','0','','787MULTI','1','15','1','0',NULL,NULL,'1'), ('306','CHAPA GATO 779','UNIDAD','NORMAL','0','0','','779','1','15','1','0',NULL,NULL,'1'), ('307','CHAPA GATO 864','UNIDAD','NORMAL','0','0','','864','1','15','1','0',NULL,NULL,'1'), ('308','CHAPA GATO GANCHO 777','UNIDAD','NORMAL','0','0','','777','1','15','1','0',NULL,NULL,'1'), ('309','CHAPA GATO 865','UNIDAD','NORMAL','0','0','','865','1','15','1','0',NULL,NULL,'1'), ('310','CHAPA GATO ANTIPALANCA S-21','UNIDAD','NORMAL','0','0','','SUPER 21A','1','15','1','0',NULL,NULL,'1'), ('311','CHAPA GATO SUPER 21','UNIDAD','NORMAL','0','0','','SUPER 21','1','15','1','0',NULL,NULL,'1'), ('312','CHAPA GATO 861','UNIDAD','NORMAL','0','0','','861','1','15','1','0',NULL,NULL,'1'), ('313','CHAPA GATO PERILLA CROMO MATE','UNIDAD','NORMAL','0','0','','251','1','15','1','0',NULL,NULL,'1'), ('314','BISAGRA VAIVEN DE PISO DO GATO','UNIDAD','NORMAL','0','0','','BIS32DO','8','15','1','0',NULL,NULL,'1'), ('315','BISAGRA VAIVEN DE PISO CR GATO','UNIDAD','NORMAL','0','0','','BIS32CR','8','15','1','0',NULL,NULL,'1'), ('316','JALADOR CR #4','UNIDAD','NORMAL',NULL,NULL,'','','3','15','1',NULL,NULL,NULL,'1'), ('317','JALADOR CR #3','UNIDAD','NORMAL',NULL,NULL,'','','3','15','1',NULL,NULL,NULL,'1'), ('318','JALADOR AC #4','UNIDAD','NORMAL',NULL,NULL,'','','3','15','1',NULL,NULL,NULL,'1'), ('319','JALADOR AC#3','UNIDAD','NORMAL',NULL,NULL,'','','3','15','1',NULL,NULL,NULL,'1'), ('320','DESARMADOR','UNIDAD','NORMAL',NULL,NULL,'','IRWIN','2','16','1',NULL,NULL,NULL,'1'), ('321','JALADORES CLASICOS','UNIDAD','NORMAL','200',NULL,'','125#AB','3','17','1',NULL,NULL,NULL,'1'), ('322','JALADORES CLASICOS','UNIDAD','NORMAL','200',NULL,'','108#AB','3','17','1',NULL,NULL,NULL,'1'), ('323','JALADORES CLASICOS','UNIDAD','NORMAL','200',NULL,'','631#AB','3','17','1',NULL,NULL,NULL,'1'), ('324','JALADORES CLASICOS','UNIDAD','NORMAL','200',NULL,'','6629#AB','3','17','1',NULL,NULL,NULL,'1'), ('325','JALADORES CLASICOS','UNIDAD','NORMAL','200',NULL,'','131#AB','3','17','1',NULL,NULL,NULL,'1'), ('326','JALADORES CLASICOS','UNIDAD','NORMAL','200',NULL,'','117#AB','3','17','1',NULL,NULL,NULL,'1'), ('327','JALADORES CLASICOS','UNIDAD','NORMAL','200',NULL,'','116#AB','3','17','1',NULL,NULL,NULL,'1'), ('328','JALADORES CLASICOS','UNIDAD','NORMAL','200',NULL,'','122#AB','3','17','1',NULL,NULL,NULL,'1'), ('329','JALAD. CLASICOS','UNIDAD','NORMAL','200',NULL,'','125#AC','3','17','1',NULL,NULL,NULL,'1'), ('330','JALAD. CLASICOS','UNIDAD','NORMAL','200',NULL,'','108#AC','3','17','1',NULL,NULL,NULL,'1'), ('331','JALAD. CLASICOS','UNIDAD','NORMAL','200',NULL,'','631#AC','3','17','1',NULL,NULL,NULL,'1'), ('332','JALAD. CLASICOS','UNIDAD','NORMAL','200',NULL,'','6629#AC','3','17','1',NULL,NULL,NULL,'1'), ('333','JALAD. CLASICOS','UNIDAD','NORMAL','200',NULL,'','131#AC','3','17','1',NULL,NULL,NULL,'1'), ('334','JALAD. CLASICOS','UNIDAD','NORMAL','200',NULL,'','117#AC','3','17','1',NULL,NULL,NULL,'1'), ('335','JALAD. CLASICOS','UNIDAD','NORMAL','200',NULL,'','116#AC','3','17','1',NULL,NULL,NULL,'1'), ('336','JALAD. CLASICOS','UNIDAD','NORMAL','200',NULL,'','122#AC','3','17','1',NULL,NULL,NULL,'1'), ('337','FALLEBA','UNIDAD','NORMAL',NULL,NULL,'','','4','18','1',NULL,NULL,NULL,'1'), ('338','CHAPA LOOCKWELL  434128','UNIDAD','OFERTA','0','0','','434128','1','18','1','0',NULL,NULL,'1'), ('339','CHAPA LOOCKWELL 434144','UNIDAD','OFERTA','0','0','','434144','1','18','1','0',NULL,NULL,'1'), ('340','CANDADO MASTER  REDONDO','UNIDAD','NORMAL','0','0','','','5','19','1','0',NULL,NULL,'1'), ('341','CANDADO MASTER # 15','UNIDAD','NORMAL','0','0','','#15','5','19','1','0',NULL,NULL,'1'), ('342','CANDADO MASTER # 17','UNIDAD','NORMAL','0','0','','#17','5','19','1','0',NULL,NULL,'1'), ('343','CANDADO MASTER #5','UNIDAD','NORMAL','0','0','','#5','5','19','1','0',NULL,NULL,'1'), ('344','CANDADO MASTER # 1','UNIDAD','NORMAL','0','0','','#1','5','19','1','0',NULL,NULL,'1'), ('345','CANDADO MASTER #3','UNIDAD','NORMAL','0','0','','#3','5','19','1','0',NULL,NULL,'1'), ('346','CANDADO MASTER #50','UNIDAD','NORMAL','0','0','','#50','5','19','1','0',NULL,NULL,'1'), ('347','CANDADO CLAVE MASTER REDONDO','UNIDAD','NORMAL','0','0','','','5','19','1','0',NULL,NULL,'1'), ('348','TUBO ROPERO 2 METRO','UNIDAD','NORMAL','5',NULL,'','','7','20','1',NULL,NULL,NULL,'1'), ('349','TUBO ROPERO 2 1/2 METRO','UNIDAD','NORMAL','5',NULL,'','','7','20','1',NULL,NULL,NULL,'1'), ('350','TUBO ROPERO 3 METRO','UNIDAD','NORMAL','5',NULL,'','','7','20','1',NULL,NULL,NULL,'1'), ('351','CANDADO PAPAIZ # 70','UNIDAD','NORMAL','0','0','','','5','21','1','0',NULL,NULL,'1'), ('352','CANDADO PAPAIZ  #60','UNIDAD','NORMAL','0','0','','','5','21','1','0',NULL,NULL,'1'), ('353','CANDADO PAPAIZ #50','UNIDAD','NORMAL','0','0','','','5','21','1','0',NULL,NULL,'1'), ('354','CANDADO PAPAIZ  #45','UNIDAD','NORMAL','0','0','','','5','21','1','0',NULL,NULL,'1'), ('355','CANDADO PAPAIZ #40','UNIDAD','NORMAL','0','0','','','5','21','1','0',NULL,NULL,'1'), ('356','CANDADO PAPAIZ #35','UNIDAD','NORMAL','0','0','','','5','21','1','0',NULL,NULL,'1'), ('357','CANDADO PAPAIZ  #30','UNIDAD','NORMAL','0','0','','','5','21','1','0',NULL,NULL,'1'), ('358','CANDADO PAPAIZ  #25','UNIDAD','NORMAL','0','0','','','5','21','1','0',NULL,NULL,'1'), ('359','CANDADO PAPAIZ #20','UNIDAD','NORMAL','0','0','','','5','21','1','0',NULL,NULL,'1'), ('360','CANDADO PAPAIZ #50 TETRA','UNIDAD','NORMAL','0','0','','','5','21','1','0',NULL,NULL,'1'), ('361','CANDADO PAPAIZ  #60 TETRA','UNIDAD','NORMAL','0','0','','','5','21','1','0',NULL,NULL,'1'), ('362','CANDADO PAPAIZ #70 TETRA','UNIDAD','NORMAL','0','0','','','5','21','1','0',NULL,NULL,'1'), ('363','CANDADO PAPAIZ #50 XL CUELLO LARGO','UNIDAD','NORMAL','0','0','','','5','21','1','0',NULL,NULL,'1'), ('364','CHAPA PAPAIZ  DE SEGURIDAD MULTI SN APOYO','UNIDAD','NORMAL','0','0','','D101','1','21','1','0',NULL,NULL,'1'), ('365','CHAPA PAPAIZ R68 TETRA OX','UNIDAD','NORMAL','0','0','','140OX','1','21','1','0',NULL,NULL,'1'), ('366','CHAPA PAPAIZ R68 TETRA CR','UNIDAD','NORMAL','0','0','','140CR','1','21','1','0',NULL,NULL,'1'), ('367','CHAPA PAPAIZ PICO LORO CR','UNIDAD','NORMAL','0','0','','815CR','1','21','1','0',NULL,NULL,'1'), ('368','CHAPA PAPAIZ PICO LORO PF','UNIDAD','NORMAL','0','0','','815PF','1','21','1','0',NULL,NULL,'1'), ('369','CHAPITA PAPAIZ MUEBLE CUADRADA 801CR','UNIDAD','NORMAL','0','0','','801CR','1','21','1','0',NULL,NULL,'1'), ('370','CHAPITA PAPAIZ BOTON 421/25','UNIDAD','NORMAL','0','0','','421/25','1','21','1','0',NULL,NULL,'1'), ('371','CHAPITA PAPAIZ OVAL DELGADA 861CR','UNIDAD','NORMAL','0','0','','861CR','1','21','1','0',NULL,NULL,'1'), ('372','CHAPITA PAPAIZ PARA MUEBLE DE GANCHO 901CR','UNIDAD','NORMAL','0','0','','901CR','1','21','1','0',NULL,NULL,'1'), ('373','CHAPA PAPAIZ MINIMALISTA 600 CR','UNIDAD','NORMAL','0','0','','600CR','1','21','1','0',NULL,NULL,'1'), ('374','CHAPA PAPAIZ PERFIL NEW MZ43 CR','UNIDAD','NORMAL','0','0','','MZ43CR','1','21','1','0',NULL,NULL,'1'), ('375','CHAPA PAPAIZ PERFIL NEW MZ 43 SN','UNIDAD','NORMAL','0','0','','MZ43SN','1','21','1','0',NULL,NULL,'1'), ('376','CHAPA PAPAIZ OX LLAVE','UNIDAD','NORMAL','0','0','','MZ400','1','21','1','0',NULL,NULL,'1'), ('377','CHAPA PAPAIZ MZ400 OX BANO','UNIDAD','NORMAL','0','0','','MZ400','1','21','1','0',NULL,NULL,'1'), ('378','CHAPA PAPAIZ TACO GOLF CR LLAVE','UNIDAD','NORMAL','0','0','','MZ400','1','21','1','0',NULL,NULL,'1'), ('379','CHAPA PAPAIZ COLONIAL MANIVELA DE EMBUTIR','UNIDAD','NORMAL','0','0','','MZ210','1','21','1','0',NULL,NULL,'1'), ('380','CHAPA PAPAIZ MZ39 OX LLAVE','UNIDAD','NORMAL','0','0','','MZ39','1','21','1','0',NULL,NULL,'1'), ('381','CHAPA PAPAIZ MZ 30 OX LLAVE','UNIDAD','NORMAL','0','0','','MZ30OX','1','21','1','0',NULL,NULL,'1'), ('382','CHAPA PAPAIZ MZ30 CR LLAVE','UNIDAD','NORMAL','0','0','','MZ30','1','21','1','0',NULL,NULL,'1'), ('383','CHAPA PAPAIZ PICO LORO AB CON JALADOR UA Y ROSETA','UNIDAD','NORMAL','0','0','','5562 AB','1','21','1','0',NULL,NULL,'1'), ('384','CHAPA PAPAIZ MZ 260 OX LLAVE','UNIDAD','NORMAL','0','0','','MZ260','1','21','1','0',NULL,NULL,'1'), ('385','CHAPA PAPAIZ MZ271 OX LLAVE','UNIDAD','NORMAL','0','0','','MZ271OX','1','21','1','0',NULL,NULL,'1'), ('386','CHAPA PAPAIZ MZ271 CR LLAVE','UNIDAD','NORMAL','0','0','','MZ271','1','21','1','0',NULL,NULL,'1'), ('387','CHAPA PAPAIZ PERFIL MZ33 CR','UNIDAD','NORMAL','0','0','','MZ33CR','1','21','1','0',NULL,NULL,'1'), ('388','CHAPA PAPAIZ FIT 580 OX  LLAVE','UNIDAD','NORMAL','0','0','','580 OX','1','21','1','0',NULL,NULL,'1'), ('389','CHAPA PAPAIZ FIT 570 CR LLAVE','UNIDAD','NORMAL','0','0','','570CR','1','21','1','0',NULL,NULL,'1'), ('390','CHAPA PAPAIZ FIT 570 CR BAO','UNIDAD','NORMAL','0','0','','570CRBA','1','21','1','0',NULL,NULL,'1'), ('391','CHAPA PAPAIZ FIT 560 CR LLAVE','UNIDAD','NORMAL','0','0','','560CR','1','21','1','0',NULL,NULL,'1'), ('392','CHAPA PAPAIZ FIT 560 OX  BAO','UNIDAD','NORMAL','0','0','','560 OX BA','1','21','1','0',NULL,NULL,'1'), ('393','CHAPA PAPAIZ TIPO POLI OX LLAVE','UNIDAD','NORMAL','0','0','','5787AB','1','21','1','0',NULL,NULL,'1'), ('394','CHAPA PAPAIZ TIPO POLI DO LLAVE','UNIDAD','NORMAL','0','0','','5787SB','1','21','1','0',NULL,NULL,'1'), ('395','CHAPA PAPAIZ TIPO POLI DO BAO','UNIDAD','NORMAL','0','0','','5787SBBK','1','21','1','0',NULL,NULL,'1'), ('396','CHAPA PAPAIZ BOLA OX','UNIDAD','NORMAL','0','0','','5872AB','1','21','1','0',NULL,NULL,'1'), ('397','CHAPA PAPAIZ BOLA DO','UNIDAD','NORMAL','0','0','','5872SB','1','21','1','0',NULL,NULL,'1'), ('398','CHAPA PAPAIZ BOLA SN','UNIDAD','NORMAL','0','0','','5872SS','1','21','1','0',NULL,NULL,'1'), ('399','CHAPA PAPAIZ TIPO POLI SN LLAVE','UNIDAD','NORMAL','0','0','','5787SS','1','21','1','0',NULL,NULL,'1'), ('400','CHAPA PAPAIZ TIPO POLI SN BAO','UNIDAD','NORMAL','0','0','','5787SSBK','1','21','1','0',NULL,NULL,'1');
INSERT INTO `productos` VALUES ('401','CHAPA PAPAIZ TIPO POLI OX BAO','UNIDAD','NORMAL','0','0','','5787ABBK','1','21','1','0',NULL,NULL,'1'), ('402','CHAPA PAPAIZ MOD. ANTIGUO BAO VARIOS','UNIDAD','NORMAL','0','0','','CHAP19','1','21','1','0',NULL,NULL,'1'), ('403','CHAPA  PAPAIZ STANDART MZ30 OX BANO GRANDE','UNIDAD','OFERTA','0','0','','SMZ30OXB','1','21','1','0',NULL,NULL,'1'), ('404','CHAPA PAPAIZ STANDART MZ30CR BANO GRANDE','UNIDAD','OFERTA','0','0','','SMZ30CRB','1','21','1','0',NULL,NULL,'1'), ('405','CHAPA PAPAIZ MZ250OX BANO GRANDE','UNIDAD','NORMAL','0','0','','MZ250OXB','1','21','1','0',NULL,NULL,'1'), ('406','CHAPA PAPAIZ MZ250OX LLAVE','UNIDAD','NORMAL','0','0','','MZ250OX','1','21','1','0',NULL,NULL,'1'), ('407','CHAPA PAPAIZ MZ250 CR BANO','UNIDAD','NORMAL','0','0','','MZ250CRB','1','21','1','0',NULL,NULL,'1'), ('408','CHAPA PAPAIZ MZ250 CR LLAVE','UNIDAD','OFERTA','0','0','','MZ250CR','1','21','1','0',NULL,NULL,'1'), ('409','CHAPA PAPAIZ MZ260CR LLAVE','UNIDAD','NORMAL','0','0','','MZ260CR','1','21','1','0',NULL,NULL,'1'), ('410','CHAPA PAPAIZ BOLA OX BAO','UNIDAD','NORMAL','0','0','','5872ABBK','1','21','1','0',NULL,NULL,'1'), ('411','CHAPA PAPAIZ BOLA DO BAO','UNIDAD','NORMAL','0','0','','5872SBBK','1','21','1','0',NULL,NULL,'1'), ('412','CHAPA PAPAIZ TUBULAR MANIVELA 810 AB','UNIDAD','NORMAL','0','0','','810 AB','1','21','1','0',NULL,NULL,'1'), ('413','CHAPA PAPAIZ TUBULAR MANIVELA 810 SN','UNIDAD','NORMAL','0','0','','810 SN','1','21','1','0',NULL,NULL,'1'), ('414','CANDADO GATO #25','UNIDAD','NORMAL','0','0','','','5','15','1','0',NULL,NULL,'1'), ('415','CHAPA POLI PERILLA DORADA LLAVE','UNIDAD','NORMAL','0','0','','142020','1','22','1','0',NULL,NULL,'1'), ('416','CHAPA POLI PERILLA DORADA BAO','UNIDAD','NORMAL','0','0','','141020','1','22','1','0',NULL,NULL,'1'), ('417','CHAPA POLI PRINCIPAL DORADO LADO FIJO','UNIDAD','NORMAL','0','0','','146010','1','22','1','0',NULL,NULL,'1'), ('418','CHAPA POLI PRINCIPAL OX LADO FIJO ','UNIDAD','NORMAL','0','0','','125060','1','22','1','0',NULL,NULL,'1'), ('419','CHAPA POLI COLONIAL MANIV - MANIVE DE EMBUTIR','UNIDAD','NORMAL','0','0','','103591','1','22','1','0',NULL,NULL,'1'), ('420','CHAPA POLI COLONIAL CON JALADOR DE EMBUTIR','UNIDAD','NORMAL','0','0','','144171','1','22','1','0',NULL,NULL,'1'), ('421','CHAPA YALE CLASICA ITALIANA #60 2 GOLPES','UNIDAD','NORMAL','0','0','','61000601','1','30','1','0',NULL,NULL,'1'), ('422','CHAPA POLI SECURITY','UNIDAD','NORMAL','0','0','','2985','1','22','1','0',NULL,NULL,'1'), ('423','CHAPA POLI SOBREPOBER PLOMO DE DOS BARRAS','UNIDAD','NORMAL','0','0','','1985','1','22','1','0',NULL,NULL,'1'), ('424','CHAPA POLI BLISTER TRES BARRAS ECONOMICA','UNIDAD','NORMAL','0','0','','131261','1','22','1','0',NULL,NULL,'1'), ('425','CHAPA POLI MINIMALISTA SN DE EMBUTIR','UNIDAD','NORMAL','0','0','','141591','1','22','1','0',NULL,NULL,'1'), ('426','CHAPA POLI TIPO PICAPORTE SOBREP','UNIDAD','NORMAL','0','0','','197101','1','22','1','0',NULL,NULL,'1'), ('427','CHAPA POLIFORTE CORTINA GRANDE','UNIDAD','NORMAL','0','0','','012A','1','23','1','0',NULL,NULL,'1'), ('428','CHAPA POLIFORTE CORTINA MEDIANO','UNIDAD','NORMAL','0','0','','011A','1','23','1','0',NULL,NULL,'1'), ('429','CHAPA POLIFORTE CORTINA CHICO','UNIDAD','NORMAL','0','0','','011T','1','23','1','0',NULL,NULL,'1'), ('430','BROCA FORSTNER SURTEK 25.4MM','UNIDAD','NORMAL','0','0','','119316','2','26','1','0',NULL,NULL,'1'), ('431','BROCA FORSTNER SURTEK DE 34.9MM','UNIDAD','NORMAL','0','0','','119319','2','26','1','0',NULL,NULL,'1'), ('432','CAJA PROTECT DE SEGURIDAD CHICA','UNIDAD','NORMAL','5','5','','T-20EZ','10','24','1','0',NULL,NULL,'1'), ('433','CAJA PROTECT DE SEGURIDAD MEDIA','UNIDAD','NORMAL','5','5','','T-25EZ','10','24','1','0',NULL,NULL,'1'), ('434','CAJA PROTEC DE SEGURIDAD GRANDE','UNIDAD','NORMAL','5','5','','T-30EZ','10','24','1','0',NULL,NULL,'1'), ('435','CHAPA STS CHICA 0406AB','UNIDAD','NORMAL','0','0','','0406AB','1','25','1','0',NULL,NULL,'1'), ('436','CHAPA STS CHICA 1306AB','UNIDAD','NORMAL','0','0','','1306AB','1','25','1','0',NULL,NULL,'1'), ('437','CHAPA STS CHICA 1306SN','UNIDAD','NORMAL','0','0','','1306SN','1','25','1','0',NULL,NULL,'1'), ('438','CHAPA STS CHICA 10723AB','UNIDAD','NORMAL','0','0','','10723AB','1','25','1','0',NULL,NULL,'1'), ('439','CHAPA STS CHICA 1207AB','UNIDAD','NORMAL','0','0','','1207AB','1','25','1','0',NULL,NULL,'1'), ('440','CHAPA STS CHICA 1211AB','UNIDAD','NORMAL','0','0','','1211AB','1','25','1','0',NULL,NULL,'1'), ('441','CHAPA STS GRANDE 0707AB','UNIDAD','NORMAL','0','0','','0707AB','1','25','1','0',NULL,NULL,'1'), ('442','CHAPA STS GRANDE 0311AB','UNIDAD','NORMAL','0','0','','0311AB','1','25','1','0',NULL,NULL,'1'), ('443','CHAPA STS GRANDE 0610AB','UNIDAD','NORMAL','0','0','','0610AB','1','25','1','0',NULL,NULL,'1'), ('444','CHAPA STS GRANDE 0202AB','UNIDAD','NORMAL','0','0','','0202AB','1','25','1','0',NULL,NULL,'1'), ('445','CHAPA STS GRANDE 3036AB','UNIDAD','NORMAL','0','0','','3036AB','1','25','1','0',NULL,NULL,'1'), ('446','CHAPA STS GRANDE 0211AB','UNIDAD','NORMAL','0','0','','0211AB','1','25','1','0',NULL,NULL,'1'), ('447','CAJA SURTEK MEDIANA','UNIDAD','NORMAL',NULL,NULL,'','','2','26','1',NULL,NULL,NULL,'1'), ('448','CAJA SURTEK GRANDE','UNIDAD','NORMAL',NULL,NULL,'','','2','26','1',NULL,NULL,NULL,'1'), ('449','CAJA SURTEK CHICA','UNIDAD','NORMAL',NULL,NULL,'','','2','26','1',NULL,NULL,NULL,'1'), ('450','SURTEK CORTA ACRILICO','UNIDAD','NORMAL',NULL,NULL,'','CUTA1','2','26','1',NULL,NULL,NULL,'1'), ('451','CHAPA TRAVEX 370 DE SOBREPONER','UNIDAD','NORMAL','5','0','','T370','1','27','1','0',NULL,NULL,'1'), ('452','CHAPA TRAVEX BARRA I METRO','UNIDAD','NORMAL','5','0','','T800','1','27','1','0',NULL,NULL,'1'), ('453','CANDADO HERMEX #50 HIERRO','UNIDAD','NORMAL','0','0','','43320','5','28','1','0',NULL,NULL,'1'), ('454','CANDADO HERMEX #45 HIERRO','UNIDAD','NORMAL','0','0','','43319','5','28','1','0',NULL,NULL,'1'), ('455','CANDADO HERMEX #38 HIERRO','UNIDAD','NORMAL','0','0','','43318','5','28','1','0',NULL,NULL,'1'), ('456','CANDADO HERMEX #50L LARGO HIERRO','UNIDAD','NORMAL','0','0','','43328','5','28','1','0',NULL,NULL,'1'), ('457','CANDADO HERMEX #45L LARGO HIERRO','UNIDAD','NORMAL','0','0','','43327','5','28','1','0',NULL,NULL,'1'), ('458','CANDADO HERMEX #38L LARGO HIERRO','UNIDAD','NORMAL','0','0','','43326','5','28','1','0',NULL,NULL,'1'), ('459','CANDADO HERMEX GEMELO38L LARGO HIERRO','UNIDAD','NORMAL','0','0','','43329','5','28','1','0',NULL,NULL,'1'), ('460','CANDADO HERMEX GEMELO45L LARGO HIERRO','UNIDAD','NORMAL','0','0','','43330','5','28','1','0',NULL,NULL,'1'), ('461','CANDADO HERMEX GEMELO#45 HIERRO','UNIDAD','NORMAL','0','0','','43322','5','28','1','0',NULL,NULL,'1'), ('462','CANDADO HERMEX TETRA REDONDO LARGO','UNIDAD','NORMAL','0','0','','43339','5','28','1','0',NULL,NULL,'1'), ('463','CANDADO HERMEXTETRA REDONDO CORTO','UNIDAD','NORMAL','0','0','','43338','5','28','1','0',NULL,NULL,'1'), ('464','CANDADO HERMEX ACERO MULTI TIPO TUBO DESPRENDE EL CUELLO','UNIDAD','NORMAL','0','0','','43365','5','28','1','0',NULL,NULL,'1'), ('465','CANDADO HERMEX  AMARILLO TETRA #40','UNIDAD','NORMAL','0','0','','23510','5','28','1','0',NULL,NULL,'1'), ('466','CANDADO HERMEX CLAVE #40 DORADO GRANDE','UNIDAD','NORMAL','0','0','','43348','5','28','1','0',NULL,NULL,'1'), ('467','CANDADO HERMEX CLAVE#28 DORADO MEDIANO','UNIDAD','NORMAL','0','0','','43347','5','28','1','0',NULL,NULL,'1'), ('468','CANDADO HERMEX CLAVE#20 DORADO CHICO','UNIDAD','NORMAL','0','0','','43346','5','28','1','0',NULL,NULL,'1'), ('469','CANDADO HERMEX CLAVE#36 ROJO CARTERITA','UNIDAD','NORMAL','0','0','','43351','5','28','1','0',NULL,NULL,'1'), ('470','CANDADO HERMEX CLAVE#25 ROJO OVALADO','UNIDAD','NORMAL','0','0','','43350','5','28','1','0',NULL,NULL,'1'), ('471','CANDADO HERMEX CAMAZ#60','UNIDAD','NORMAL','0','0','','43314','5','28','1','0',NULL,NULL,'1'), ('472','CANDADO HERMEX CAMAZ#50','UNIDAD','NORMAL','0','0','','43313','5','28','1','0',NULL,NULL,'1'), ('473','CANDADO HERMEX CAMAZ#40','UNIDAD','NORMAL','0','0','','43312','5','28','1','0',NULL,NULL,'1'), ('474','CANDADO HERMEX ANTIPALANCA AMARILLO','UNIDAD','NORMAL','0','0','','23524','5','28','1','0',NULL,NULL,'1'), ('475','CANDADO HERMEX #30 BRONCE ECONOMICO LLAVE NORMAL','UNIDAD','NORMAL','0','0','','23523','5','28','1','0',NULL,NULL,'1'), ('476','CANDADO HERMEX ANTIPALANCA #88 ','UNIDAD','NORMAL','0','0','','43358','5','28','1','0',NULL,NULL,'1'), ('477','CANDADO HERMEX GEMELO 4 #38','UNIDAD','NORMAL','0','0','','43333','5','28','1','0',NULL,NULL,'1'), ('478','CANDADO HERMEX TETRA #60 BRONCE BLISTER ROJO','UNIDAD','NORMAL','0','0','','43422','5','28','1','0',NULL,NULL,'1'), ('479','CANDADO HERMEX TETRA #50 BRONCE BLISTER ROJO','UNIDAD','NORMAL','0','0','','43421','5','28','1','0',NULL,NULL,'1'), ('480','CANDADO HERMEX TETRA #40 BRONCE BLISTER ROJO','UNIDAD','NORMAL','0','0','','43420','5','28','1','0',NULL,NULL,'1'), ('481','CANDADO HERMEX MULTI #60 BRONCE','UNIDAD','NORMAL','0','0','','43302','5','28','1','0',NULL,NULL,'1'), ('482','CANDADO HERMEX MULTI #50 BRONCE','UNIDAD','NORMAL','0','0','','43301','5','28','1','0',NULL,NULL,'1'), ('483','CANDADO HERMEX LAMINADO #40 ROJO','UNIDAD','NORMAL','0','0','','','5','28','1','0',NULL,NULL,'1'), ('484','CANDADO HERMEX LAMINADO #30 ROJO','UNIDAD','NORMAL','0','0','','','5','28','1','0',NULL,NULL,'1'), ('485','CANDADO HERMEX CUELLO LARGO XL BRONCE','UNIDAD','NORMAL','0','0','','43442','5','28','1','0',NULL,NULL,'1'), ('486','CANDADO HERMEX LAMINADO AMARILLO#50','UNIDAD','NORMAL','0','0','','23504','5','28','1','0',NULL,NULL,'1'), ('487','CANDADO HERMEX LAMINADO AMARILLO#40','UNIDAD','NORMAL','0','0','','23503','5','28','1','0',NULL,NULL,'1'), ('488','MANGUERA 10 MTS','UNIDAD','NORMAL',NULL,NULL,'','','14','28','1',NULL,NULL,NULL,'1'), ('489','MANGUERA 20 MTS','UNIDAD','NORMAL',NULL,NULL,'','','14','28','1',NULL,NULL,NULL,'1'), ('490','CHAPA HERMEX BANO','UNIDAD','NORMAL',NULL,NULL,'','23662','1','28','1',NULL,NULL,NULL,'1'), ('491','CHAPA HERMEX PORTON OX','UNIDAD','NORMAL','0','0','','43023','1','28','1','0',NULL,NULL,'1'), ('492','CHAPA HERMEX PORTON DO','UNIDAD','NORMAL','0','0','','43021','1','28','1','0',NULL,NULL,'1'), ('493','CHAPA HERMEX PORTON SN','UNIDAD','NORMAL','0','0','','43025','1','28','1','0',NULL,NULL,'1'), ('494','CHAPA HERMEX DE SEGURIDAD SN LL-LL','UNIDAD','NORMAL','0','0','','43602','1','28','1','0',NULL,NULL,'1'), ('495','CHAPA HERMEX DE SEGURIDAD DO LL-LL','UNIDAD','NORMAL','0','0','','43592','1','28','1','0',NULL,NULL,'1'), ('496','CHAPA HERMEX  DE SEGURIDAD OX LL-LL','UNIDAD','NORMAL','0','0','','43597','1','28','1','0',NULL,NULL,'1'), ('497','CHAPA HERMEX TIPO PICAPORTE DERECHA','UNIDAD','NORMAL','0','0','','43505','1','28','1','0',NULL,NULL,'1'), ('498','CHAPA HERMEX GANCHO','UNIDAD','NORMAL','0','0','','43493','1','28','1','0',NULL,NULL,'1'), ('499','CHAPA HERMEX GANCHO PERILLA','UNIDAD','NORMAL','0','0','','43492','1','28','1','0',NULL,NULL,'1'), ('500','CHAPA HERMEX  DE 6 GOLPES UN SOLO LADO','UNIDAD','NORMAL','0','0','','43499','1','28','1','0',NULL,NULL,'1');
INSERT INTO `productos` VALUES ('501','CHAPA HERMEX DE 6 GOLPES LL-LL','UNIDAD','NORMAL','0','0','','43500','1','28','1','0',NULL,NULL,'1'), ('502','CHAPA TETRA CLASICA','UNIDAD','NORMAL',NULL,NULL,'','43528','1','28','1',NULL,NULL,NULL,'1'), ('503','CHAPA HERMEX CLASICA SOBREPUESTA','UNIDAD','NORMAL','0','0','','43574','1','28','1','0',NULL,NULL,'1'), ('504','BRAZO HIDRAULICO HERMEX 80 K','UNIDAD','NORMAL','0','0','','43606','11','28','1','0',NULL,NULL,'1'), ('505','CHAPA BITRANCA','UNIDAD','NORMAL',NULL,NULL,'','43501','1','28','1',NULL,NULL,NULL,'1'), ('506','TALADRO 650 WTTS','UNIDAD','NORMAL',NULL,NULL,'','15347','13','28','1',NULL,NULL,NULL,'1'), ('507','TALADRO 1200WTTS','UNIDAD','NORMAL',NULL,NULL,'','16734','13','28','1',NULL,NULL,NULL,'1'), ('508','CAJA 10\"PORTA VALORES','UNIDAD','NORMAL','0','0','','43075','10','28','1','0',NULL,NULL,'1'), ('509','TIJERA T-45','UNIDAD','NORMAL',NULL,NULL,'','18453','2','28','1',NULL,NULL,NULL,'1'), ('510','TIJERA METALICA PODAR NARAN','UNIDAD','NORMAL',NULL,NULL,'','18461','2','28','1',NULL,NULL,NULL,'1'), ('511','TIJERA METALICA PODAR','UNIDAD','NORMAL',NULL,NULL,'','18460','2','28','1',NULL,NULL,NULL,'1'), ('512','TIJERA PRETUL','UNIDAD','NORMAL',NULL,NULL,'','23103','2','28','1',NULL,NULL,NULL,'1'), ('513','TIJERA METALICA GRANDE','UNIDAD','NORMAL',NULL,NULL,'','','2','28','1',NULL,NULL,NULL,'1'), ('514','TIJERA CHICO METAL','UNIDAD','NORMAL',NULL,NULL,'','','2','28','1',NULL,NULL,NULL,'1'), ('515','TIJERA MADERA  REGULADOR','UNIDAD','NORMAL',NULL,NULL,'','','2','28','1',NULL,NULL,NULL,'1'), ('516','CURBINA GRANDE','UNIDAD','NORMAL',NULL,NULL,'','','2','28','1',NULL,NULL,NULL,'1'), ('517','CURBINA MEDIANA','UNIDAD','NORMAL',NULL,NULL,'','','2','28','1',NULL,NULL,NULL,'1'), ('518','CURBINA CHICA','UNIDAD','NORMAL',NULL,NULL,'','','2','28','1',NULL,NULL,NULL,'1'), ('519','BISAGRA VAIVEN DE PISO CR HERMEX','UNIDAD','NORMAL','0','0','','43181','8','28','1','0',NULL,NULL,'1'), ('520','JALADOR','UNIDAD','NORMAL',NULL,NULL,'','43834','3','28','1',NULL,NULL,NULL,'1'), ('521','JALADOR','UNIDAD','NORMAL',NULL,NULL,'','43835','3','28','1',NULL,NULL,NULL,'1'), ('522','JALADOR','UNIDAD','NORMAL',NULL,NULL,'','43826','3','28','1',NULL,NULL,NULL,'1'), ('523','JALADOR','UNIDAD','NORMAL',NULL,NULL,'','43825','3','28','1',NULL,NULL,NULL,'1'), ('524','JALADOR','UNIDAD','NORMAL',NULL,NULL,'','43609','3','28','1',NULL,NULL,NULL,'1'), ('525','JALADOR','UNIDAD','NORMAL',NULL,NULL,'','43821','3','28','1',NULL,NULL,NULL,'1'), ('526','JALADOR','UNIDAD','NORMAL',NULL,NULL,'','43906','3','28','1',NULL,NULL,NULL,'1'), ('527','JALADOR','UNIDAD','NORMAL',NULL,NULL,'','43907','3','28','1',NULL,NULL,NULL,'1'), ('528','JALADOR','UNIDAD','NORMAL',NULL,NULL,'','43806','3','28','1',NULL,NULL,NULL,'1'), ('529','JALADOR','UNIDAD','NORMAL',NULL,NULL,'','43805','3','28','1',NULL,NULL,NULL,'1'), ('530','JALADOR','UNIDAD','NORMAL',NULL,NULL,'','43615','3','28','1',NULL,NULL,NULL,'1'), ('531','JALADOR','UNIDAD','NORMAL',NULL,NULL,'','43611','3','28','1',NULL,NULL,NULL,'1'), ('532','JALADOR','UNIDAD','NORMAL',NULL,NULL,'','43377','3','28','1',NULL,NULL,NULL,'1'), ('533','JALADOR','UNIDAD','NORMAL',NULL,NULL,'','43378','3','28','1',NULL,NULL,NULL,'1'), ('534','JALADOR','UNIDAD','NORMAL',NULL,NULL,'','43824','3','28','1',NULL,NULL,NULL,'1'), ('535','JALADOR','UNIDAD','NORMAL',NULL,NULL,'','43621','3','28','1',NULL,NULL,NULL,'1'), ('536','JALADOR','UNIDAD','NORMAL',NULL,NULL,'','43620','3','28','1',NULL,NULL,NULL,'1'), ('537','JALADOR','UNIDAD','NORMAL',NULL,NULL,'','43624','3','28','1',NULL,NULL,NULL,'1'), ('538','JALADOR','UNIDAD','NORMAL',NULL,NULL,'','43823','3','28','1',NULL,NULL,NULL,'1'), ('539','JALADOR','UNIDAD','NORMAL',NULL,NULL,'','43874','3','28','1',NULL,NULL,NULL,'1'), ('540','JALADOR','UNIDAD','NORMAL',NULL,NULL,'','43810','3','28','1',NULL,NULL,NULL,'1'), ('541','JALADOR','UNIDAD','NORMAL',NULL,NULL,'','43818','3','28','1',NULL,NULL,NULL,'1'), ('542','JALADOR','UNIDAD','NORMAL',NULL,NULL,'','43819','3','28','1',NULL,NULL,NULL,'1'), ('543','JALADOR','UNIDAD','NORMAL',NULL,NULL,'','43807','3','28','1',NULL,NULL,NULL,'1'), ('544','JALADOR','UNIDAD','NORMAL',NULL,NULL,'','43294','3','28','1',NULL,NULL,NULL,'1'), ('545','JALADOR','UNIDAD','NORMAL',NULL,NULL,'','43296','3','28','1',NULL,NULL,NULL,'1'), ('546','JALADOR','UNIDAD','NORMAL',NULL,NULL,'','43822','3','28','1',NULL,NULL,NULL,'1'), ('547','JALADOR','UNIDAD','NORMAL',NULL,NULL,'','43610','3','28','1',NULL,NULL,NULL,'1'), ('548','JALADOR','UNIDAD','NORMAL',NULL,NULL,'','43374','3','28','1',NULL,NULL,NULL,'1'), ('549','JALADOR','UNIDAD','NORMAL',NULL,NULL,'','43375','3','28','1',NULL,NULL,NULL,'1'), ('550','JALADOR','UNIDAD','NORMAL',NULL,NULL,'','43837','3','28','1',NULL,NULL,NULL,'1'), ('551','JALADOR','UNIDAD','NORMAL',NULL,NULL,'','43905','3','28','1',NULL,NULL,NULL,'1'), ('552','JALADOR','UNIDAD','NORMAL',NULL,NULL,'','43809','3','28','1',NULL,NULL,NULL,'1'), ('553','JALADOR','UNIDAD','NORMAL',NULL,NULL,'','43808','3','28','1',NULL,NULL,NULL,'1'), ('554','JALADOR','UNIDAD','NORMAL',NULL,NULL,'','43900','3','28','1',NULL,NULL,NULL,'1'), ('555','JALADOR','UNIDAD','NORMAL',NULL,NULL,'','43617','3','28','1',NULL,NULL,NULL,'1'), ('556','JALADOR','UNIDAD','NORMAL',NULL,NULL,'','43618','3','28','1',NULL,NULL,NULL,'1'), ('557','JALADOR','UNIDAD','NORMAL',NULL,NULL,'','43614','3','28','1',NULL,NULL,NULL,'1'), ('558','JALADOR','UNIDAD','NORMAL',NULL,NULL,'','43901','3','28','1',NULL,NULL,NULL,'1'), ('559','JALADOR','UNIDAD','NORMAL',NULL,NULL,'','43902','3','28','1',NULL,NULL,NULL,'1'), ('560','JALADOR','UNIDAD','NORMAL',NULL,NULL,'','43836','3','28','1',NULL,NULL,NULL,'1'), ('561','JALADOR','UNIDAD','NORMAL',NULL,NULL,'','43830','3','28','1',NULL,NULL,NULL,'1'), ('562','JALADOR','UNIDAD','NORMAL',NULL,NULL,'','43829','3','28','1',NULL,NULL,NULL,'1'), ('563','JALADOR','UNIDAD','NORMAL',NULL,NULL,'','43872','3','28','1',NULL,NULL,NULL,'1'), ('564','JALADOR','UNIDAD','NORMAL',NULL,NULL,'','43873','3','28','1',NULL,NULL,NULL,'1'), ('565','JALADOR','UNIDAD','NORMAL',NULL,NULL,'','43828','3','28','1',NULL,NULL,NULL,'1'), ('566','JALADOR','UNIDAD','NORMAL',NULL,NULL,'','43870','3','28','1',NULL,NULL,NULL,'1'), ('567','JALADOR','UNIDAD','NORMAL',NULL,NULL,'','43871','3','28','1',NULL,NULL,NULL,'1'), ('568','JALADOR','UNIDAD','NORMAL',NULL,NULL,'','43875','3','28','1',NULL,NULL,NULL,'1'), ('569','JALADOR','UNIDAD','NORMAL',NULL,NULL,'','43876','3','28','1',NULL,NULL,NULL,'1'), ('570','JALADOR','UNIDAD','NORMAL',NULL,NULL,'','43877','3','28','1',NULL,NULL,NULL,'1'), ('571','JALADOR','UNIDAD','NORMAL',NULL,NULL,'','43878','3','28','1',NULL,NULL,NULL,'1'), ('572','JALADOR','UNIDAD','NORMAL',NULL,NULL,'','43827','3','28','1',NULL,NULL,NULL,'1'), ('573','BISAGRA HERMEX 4\" DO','PAR','NORMAL','0','0','','43198','8','28','1','0',NULL,NULL,'1'), ('574','DESTAPACANOS','UNIDAD','NORMAL',NULL,NULL,'','22880','2','28','1',NULL,NULL,NULL,'1'), ('575','PICAPORTE CADENA DO','UNIDAD','NORMAL',NULL,NULL,'','43707','4','28','1',NULL,NULL,NULL,'1'), ('576','PICAPORTE CADENA OX','UNIDAD','NORMAL',NULL,NULL,'','43708','4','28','1',NULL,NULL,NULL,'1'), ('577','MAGNETIZADOR','UNIDAD','NORMAL',NULL,NULL,'','14141','2','28','1',NULL,NULL,NULL,'1'), ('578','PUNTAS POZIDRIV','UNIDAD','NORMAL',NULL,NULL,'','17799','2','28','1',NULL,NULL,NULL,'1'), ('579','PUNTAS IGUALES','UNIDAD','NORMAL',NULL,NULL,'','17783','2','28','1',NULL,NULL,NULL,'1'), ('580','PUNTAS CHICAS','UNIDAD','NORMAL',NULL,NULL,'','17798','2','28','1',NULL,NULL,NULL,'1'), ('581','SIERRA CALADORA','UNIDAD','NORMAL',NULL,NULL,'','18124','2','28','1',NULL,NULL,NULL,'1'), ('582','ESTILETE','UNIDAD','NORMAL',NULL,NULL,'','16974','2','28','1',NULL,NULL,NULL,'1'), ('583','ESTILETE ENGOMADO','UNIDAD','NORMAL',NULL,NULL,'','16977','2','28','1',NULL,NULL,NULL,'1'), ('584','REP. ESTILETE','UNIDAD','NORMAL',NULL,NULL,'','16965','2','28','1',NULL,NULL,NULL,'1'), ('585','NAVAJA DE PRESICION','UNIDAD','NORMAL',NULL,NULL,'','16969','2','28','1',NULL,NULL,NULL,'1'), ('586','REP NAVJ. PRESICION','UNIDAD','NORMAL',NULL,NULL,'','16979','2','28','1',NULL,NULL,NULL,'1'), ('587','DESARMADOR','UNIDAD','NORMAL',NULL,NULL,'','18222','2','28','1',NULL,NULL,NULL,'1'), ('588','DESARM CON CHICHARRA','UNIDAD','NORMAL',NULL,NULL,'','18219','2','28','1',NULL,NULL,NULL,'1'), ('589','JGO. DESARMADOR','UNIDAD','NORMAL',NULL,NULL,'','14162','2','28','1',NULL,NULL,NULL,'1'), ('590','JGO. DESARMADOR','UNIDAD','NORMAL',NULL,NULL,'','14160','2','28','1',NULL,NULL,NULL,'1'), ('591','ESCUADRA','UNIDAD','NORMAL','0','0','','14370','2','28','1','0',NULL,NULL,'1'), ('592','ESCUADRA','UNIDAD','NORMAL','0','0','','14374','2','28','1','0',NULL,NULL,'1'), ('593','ALICATE UNIVERSAL  PRETUL 8\" AMARILLLOL','UNIDAD','NORMAL','0','0','','22674','2','28','1','0',NULL,NULL,'1'), ('594','PUNTA 8\"ALICATE','UNIDAD','NORMAL',NULL,NULL,'','22671','2','28','1',NULL,NULL,NULL,'1'), ('595','PUNTA 6\" ALICATE','UNIDAD','NORMAL',NULL,NULL,'','22670','2','28','1',NULL,NULL,NULL,'1'), ('596','ALICATE DE CHOFER PRETUL  8\" AMARILLO','UNIDAD','NORMAL','0','0','','22673','2','28','1','0',NULL,NULL,'1'), ('597','DE CORTE 6\" PRETUL','UNIDAD','NORMAL',NULL,NULL,'','22675','2','28','1',NULL,NULL,NULL,'1'), ('598','SACACHAVETAS','UNIDAD','NORMAL',NULL,NULL,'','17355','2','28','1',NULL,NULL,NULL,'1'), ('599','DESARMADOR','UNIDAD','NORMAL',NULL,NULL,'','21372','2','28','1',NULL,NULL,NULL,'1'), ('600','JGO DE 4 PINZAS','UNIDAD','NORMAL',NULL,NULL,'','22970','2','28','1',NULL,NULL,NULL,'1');
INSERT INTO `productos` VALUES ('601','JGO DE 3 PINZAS 8\" PRETUL','UNIDAD','NORMAL',NULL,NULL,'','23975','2','28','1',NULL,NULL,NULL,'1'), ('602','JGO DE 3 PINZAS 6\" PRETUL','UNIDAD','NORMAL',NULL,NULL,'','22975','2','28','1',NULL,NULL,NULL,'1'), ('603','DESARMADOR#4 GRANDE CRUZ','UNIDAD','NORMAL',NULL,NULL,'','14086','2','28','1',NULL,NULL,NULL,'1'), ('604','DEASAMADOR CAMBIABLE','UNIDAD','NORMAL',NULL,NULL,'','24115','2','28','1',NULL,NULL,NULL,'1'), ('605','PROVADOR AC','UNIDAD','NORMAL',NULL,NULL,'','13989','2','28','1',NULL,NULL,NULL,'1'), ('606','JGO DESARMADOR 8 PZAS','UNIDAD','NORMAL',NULL,NULL,'','20219','2','28','1',NULL,NULL,NULL,'1'), ('607','JGO DESARMADOR 6 PZAS','UNIDAD','NORMAL',NULL,NULL,'','20220','2','28','1',NULL,NULL,NULL,'1'), ('608','JGO DESARMADOR 4 PZAS','UNIDAD','NORMAL',NULL,NULL,'','20216','2','28','1',NULL,NULL,NULL,'1'), ('609','PAR DESARMADOR','UNIDAD','NORMAL',NULL,NULL,'','20217','2','28','1',NULL,NULL,NULL,'1'), ('610','PAR DESARMADOR','UNIDAD','NORMAL',NULL,NULL,'','20215','2','28','1',NULL,NULL,NULL,'1'), ('611','ALICATE UNIVERSAL TRUPER 7\" NARANJA','UNIDAD','NORMAL','0','0','','17329','2','28','1','0',NULL,NULL,'1'), ('612','ALICATE UNIVERSAL TRUPER 8\" NARANJA','UNIDAD','NORMAL','0','0','','17330','2','28','1','0',NULL,NULL,'1'), ('613','ALICATE PUNTA 8\" TRUPER NARANJA','UNIDAD','NORMAL','0','0','','17336','2','28','1','0',NULL,NULL,'1'), ('614','ALICATE PUNTA 6\" TRUPER NARANJA','UNIDAD','NORMAL','0','0','','17334','2','28','1','0',NULL,NULL,'1'), ('615','ALICATE DE CORTE 6\" TRUPER NARANJA','UNIDAD','NORMAL','0','0','','17331','2','28','1','0',NULL,NULL,'1'), ('616','U NEGRO 6\"','UNIDAD','NORMAL',NULL,NULL,'','17306','2','28','1',NULL,NULL,NULL,'1'), ('617','PUNTA NEGRO 6\"','UNIDAD','NORMAL',NULL,NULL,'','17309','2','28','1',NULL,NULL,NULL,'1'), ('618','U NEGRO 8\"','UNIDAD','NORMAL',NULL,NULL,'','17308','2','28','1',NULL,NULL,NULL,'1'), ('619','DE CORTE DE 6\"','UNIDAD','NORMAL',NULL,NULL,'','17312','2','28','1',NULL,NULL,NULL,'1'), ('620','PELACABLE DE 8\"','UNIDAD','NORMAL',NULL,NULL,'','17357','2','28','1',NULL,NULL,NULL,'1'), ('621','PELACABLE DE 6\"','UNIDAD','NORMAL',NULL,NULL,'','17356','2','28','1',NULL,NULL,NULL,'1'), ('622','MINIPINZAS TRUPER','UNIDAD','NORMAL',NULL,NULL,'','','2','28','1',NULL,NULL,NULL,'1'), ('623','MINIPINZAS PRETUL','UNIDAD','NORMAL',NULL,NULL,'','','2','28','1',NULL,NULL,NULL,'1'), ('624','JGO MINI PINZAS TRUPER','UNIDAD','NORMAL',NULL,NULL,'','','2','28','1',NULL,NULL,NULL,'1'), ('625','TIJERA DE SASTRE','UNIDAD','NORMAL',NULL,NULL,'','18551','2','28','1',NULL,NULL,NULL,'1'), ('626','ARCO MECANICO PRETUL','UNIDAD','NORMAL','0','0','','20017','2','28','1','0',NULL,NULL,'1'), ('627','ARCO MECANICO  PESADO TRUPER','UNIDAD','NORMAL','0','0','','10230','2','28','1','0',NULL,NULL,'1'), ('628','ARCO MECANICO ALUMINIO TRUPER','UNIDAD','NORMAL','0','0','','10232','2','28','1','0',NULL,NULL,'1'), ('629','ARCO MINI PRETUL MANGO PLASTICO NEGRO','UNIDAD','NORMAL','0','0','','20002','2','28','1','0',NULL,NULL,'1'), ('630','SACABOCADO','UNIDAD','NORMAL',NULL,NULL,'','17340','2','28','1',NULL,NULL,NULL,'1'), ('631','FORMON1/2','UNIDAD','NORMAL',NULL,NULL,'','14621','2','28','1',NULL,NULL,NULL,'1'), ('632','FORMON 3/4','UNIDAD','NORMAL',NULL,NULL,'','14627','2','28','1',NULL,NULL,NULL,'1'), ('633','FORMON7/8','UNIDAD','NORMAL',NULL,NULL,'','14630','2','28','1',NULL,NULL,NULL,'1'), ('634','FORMON 1\"','UNIDAD','NORMAL',NULL,NULL,'','14633','2','28','1',NULL,NULL,NULL,'1'), ('635','FORMON 1 1/2','UNIDAD','NORMAL',NULL,NULL,'','14639','2','28','1',NULL,NULL,NULL,'1'), ('636','JGO DADDOS PRETUL','UNIDAD','NORMAL',NULL,NULL,'','21164','2','28','1',NULL,NULL,NULL,'1'), ('637','REMACHADORA PRETUL','UNIDAD','NORMAL',NULL,NULL,'','22850','2','28','1',NULL,NULL,NULL,'1'), ('638','REMACHADORA TRUPER','UNIDAD','NORMAL',NULL,NULL,'','17960','2','28','1',NULL,NULL,NULL,'1'), ('639','TIJERA 10\"CORTA LATA','UNIDAD','NORMAL',NULL,NULL,'','18501','2','28','1',NULL,NULL,NULL,'1'), ('640','TIJERA 12\" CORTA LATA','UNIDAD','NORMAL',NULL,NULL,'','18502','2','28','1',NULL,NULL,NULL,'1'), ('641','TIJERA DE AVICION','UNIDAD','NORMAL',NULL,NULL,'','18535','2','28','1',NULL,NULL,NULL,'1'), ('642','CINTA DOBLE CONTACTO','UNIDAD','NORMAL',NULL,NULL,'','12541','2','28','1',NULL,NULL,NULL,'1'), ('643','STILLSON 14\"','UNIDAD','NORMAL',NULL,NULL,'','15838','2','28','1',NULL,NULL,NULL,'1'), ('644','STILLSON 12\"','UNIDAD','NORMAL',NULL,NULL,'','15837','2','28','1',NULL,NULL,NULL,'1'), ('645','STILLSON 10\"','UNIDAD','NORMAL',NULL,NULL,'','15836','2','28','1',NULL,NULL,NULL,'1'), ('646','STILLSON PRETUL 12\"','UNIDAD','NORMAL',NULL,NULL,'','22012','2','28','1',NULL,NULL,NULL,'1'), ('647','STILLSON PRETUL 10\"','UNIDAD','NORMAL',NULL,NULL,'','22011','2','28','1',NULL,NULL,NULL,'1'), ('648','CRESENT','UNIDAD','NORMAL',NULL,NULL,'','21816','2','28','1',NULL,NULL,NULL,'1'), ('649','LLAVE DE PLOMERO','UNIDAD','NORMAL',NULL,NULL,'','12874','2','28','1',NULL,NULL,NULL,'1'), ('650','CRESENT NEGRA 12\"','UNIDAD','NORMAL',NULL,NULL,'','15503','2','28','1',NULL,NULL,NULL,'1'), ('651','ALICATE PRESION PRETUL 10\" CROMADO','UNIDAD','NORMAL','0','0','','22700','2','1','1','0',NULL,NULL,'1'), ('652','PICO LORO 12\"','UNIDAD','NORMAL',NULL,NULL,'','17352','2','28','1',NULL,NULL,NULL,'1'), ('653','PICO LORO 10\"','UNIDAD','NORMAL',NULL,NULL,'','17351','2','28','1',NULL,NULL,NULL,'1'), ('654','ALICATE DE PRESION 7\" TRUPER MORDAZAS CURVAS','UNIDAD','NORMAL','0','0','','17421','2','28','1','0',NULL,NULL,'1'), ('655','CRESENT 12\"','UNIDAD','NORMAL',NULL,NULL,'','15512','2','28','1',NULL,NULL,NULL,'1'), ('656','CRESENT 10\"','UNIDAD','NORMAL',NULL,NULL,'','15511','2','28','1',NULL,NULL,NULL,'1'), ('657','CRESENT 6\"','UNIDAD','NORMAL',NULL,NULL,'','15514','2','28','1',NULL,NULL,NULL,'1'), ('658','CRESENT 5\"','UNIDAD','NORMAL',NULL,NULL,'','15513','2','28','1',NULL,NULL,NULL,'1'), ('659','DISCO LISO 4 1/2 CONCRETO','UNIDAD','NORMAL','5',NULL,'','','2','29','1',NULL,NULL,NULL,'1'), ('660','DISCO DIENTES 4 1/2 ','UNIDAD','NORMAL','5',NULL,'','','2','29','1',NULL,NULL,NULL,'1'), ('661','DISCO 7 LISO','UNIDAD','NORMAL','5',NULL,'','','2','29','1',NULL,NULL,NULL,'1'), ('662','DISCO 7 DIENTES','UNIDAD','NORMAL','5',NULL,'','','2','29','1',NULL,NULL,NULL,'1'), ('663','DISCO 9 DIENTES','UNIDAD','NORMAL','5',NULL,'','','2','29','1',NULL,NULL,NULL,'1'), ('664','CHAPITA YALE DE MUEBLE CAFE','UNIDAD','NORMAL','0','0','','9660','1','30','1','0',NULL,NULL,'1'), ('665','CHAPITA YALE DE MUEBLE DORADA','UNIDAD','NORMAL','0','0','','555B','1','30','1','0',NULL,NULL,'1'), ('666','JALADOR PARA YALE','UNIDAD','NORMAL',NULL,NULL,'','','3','30','1',NULL,NULL,NULL,'1'), ('667','CHAPA YALE PICO LORO CR','UNIDAD','NORMAL','0','0','','4022','1','30','1','0',NULL,NULL,'1'), ('668','CHAPA YALE PICO LORO CAFE','UNIDAD','NORMAL','0','0','','4124','1','30','1','0',NULL,NULL,'1'), ('669','CHAPA YALE GANCHO NEGRA IZQUIERDA','UNIDAD','NORMAL','0','0','','3032','1','30','1','0',NULL,NULL,'1'), ('670','CHAPA YALE NEW ANTIP IZQ','UNIDAD','NORMAL','0','0','','3321','1','30','1','0',NULL,NULL,'1'), ('671','CHAPA YALE NEW ANTIP DER','UNIDAD','NORMAL','0','0','','3320','1','30','1','0',NULL,NULL,'1'), ('672','CHAPA YALE ELECTRICA BOTON DERECHA  ITALIANA','UNIDAD','NORMAL','0','0','','67800601','1','30','1','0',NULL,NULL,'1'), ('673','CHAPA YALE ELECTRICA BOTON IZQUIERDA  ITALIANA','UNIDAD','NORMAL','0','0','','67800602','1','30','1','0',NULL,NULL,'1'), ('674','CHAPA YALE ANTIPALANCA IZQUIERDA NEGRA ','UNIDAD','NORMAL','0','0','','3010','1','30','1','0',NULL,NULL,'1'), ('675','CANDADO YALE #50 COLOMBIANO','UNIDAD','NORMAL','0','0','','','5','30','1','0',NULL,NULL,'1'), ('676','CANDADO YALE #50 CHINO','UNIDAD','NORMAL','0','0','','','5','30','1','0',NULL,NULL,'1'), ('677','CANDADO YALE ITALIANO #30','UNIDAD','NORMAL','0','0','','','5','30','1','0',NULL,NULL,'1'), ('678','CANDADO YALE AMERICANO#50','UNIDAD','NORMAL','0','0','','','5','30','1','0',NULL,NULL,'1'), ('679','CANDADO YALE AMERICANO#60','UNIDAD','NORMAL','0','0','','','5','30','1','0',NULL,NULL,'1'), ('680','CANDADO YALE NEW #40','UNIDAD','NORMAL','0','0','','Y110/40','5','30','1','0',NULL,NULL,'1'), ('681','CANDADO YALE NEW #50','UNIDAD','NORMAL','0','0','','Y110/50','5','30','1','0',NULL,NULL,'1'), ('682','CANDADO YALE NEW #60','UNIDAD','NORMAL','0','0','','Y110/60','5','30','1','0',NULL,NULL,'1'), ('683','CANDADO YALE NEW #70','UNIDAD','NORMAL','0','0','','Y110/70','5','30','1','0',NULL,NULL,'1'), ('684','CANDADO YALE ANTIPALANCA ACERO','UNIDAD','NORMAL','0','0','','Y124/70','5','30','1','0',NULL,NULL,'1'), ('685','CANDADO YALE  CLAVE  FOOTBALL','UNIDAD','NORMAL','0','0','','YFOOTBALL','5','30','1','0',NULL,NULL,'1'), ('686','CANDADO CLAVE AMARILLO YALE','UNIDAD','NORMAL','0','0','','YP1/28','5','30','1','0',NULL,NULL,'1'), ('687','CANDADO CLAVE YALE DORADO CHICO','UNIDAD','NORMAL','0','0','','Y150/22','5','30','1','0',NULL,NULL,'1'), ('688','CANDADO CLAVE YALE DORADO MEDIANO #30','UNIDAD','NORMAL','0','0','','Y150/30','5','30','1','0',NULL,NULL,'1'), ('689','CANDADO YALE SUECO #50','UNIDAD','NORMAL','0','0','','Y120/50','5','30','1','0',NULL,NULL,'1'), ('690','CANDADO YALE SUECO#60','UNIDAD','NORMAL','0','0','','Y120/60','5','30','1','0',NULL,NULL,'1'), ('691','CANDADO YALE SUECO #70','UNIDAD','NORMAL','0','0','','Y120/70','5','30','1','0',NULL,NULL,'1'), ('692','CANDADO YALE IMPERMEABLE #70','UNIDAD','NORMAL','0','0','','Y220/71','5','30','1','0',NULL,NULL,'1'), ('693','CANDADO YALE IMPERMEABLE #60','UNIDAD','NORMAL','0','0','','Y220/61','5','30','1','0',NULL,NULL,'1'), ('694','CANDADO YALE LAMINADO #50','UNIDAD','NORMAL','0','0','','125/50','5','30','1','0',NULL,NULL,'1'), ('695','CANDADO YALE LAMINADO.#60','UNIDAD','NORMAL','0','0','','125/65','5','30','1','0',NULL,NULL,'1'), ('696','CHAPA YALE PORTON OX WALES','UNIDAD','NORMAL','0','0','','8989','1','30','1','0',NULL,NULL,'1'), ('697','CHAPA YALE MANILLON OXFORD COLONIAL OX','UNIDAD','NORMAL','0','0','','10559','1','30','1','0',NULL,NULL,'1'), ('698','CHAPA YALE PORTON  CR WALES ','UNIDAD','NORMAL','0','0','','8991','1','30','1','0',NULL,NULL,'1'), ('699','CHAPA YALE PORTON GRANDE YALE AC PREMIUM ALABAMA','UNIDAD','NORMAL','0','0','','84793','1','30','1','0',NULL,NULL,'1'), ('700','CAJA YALE BIOMETRICA','UNIDAD','NORMAL','0','0','','107586','10','30','1','0',NULL,NULL,'1');
INSERT INTO `productos` VALUES ('701','CAJA YALE MEDIANA','UNIDAD','NORMAL','0','0','','35100','10','30','1','0',NULL,NULL,'1'), ('702','CAJA YALE LAPTO','UNIDAD','NORMAL','0','0','','35101','10','30','1','0',NULL,NULL,'1'), ('703','CHAPA YALE PERILLA BANO COLOMBIANO','UNIDAD','NORMAL','0','0','','CHAP18','1','30','1','0',NULL,NULL,'1'), ('704','CHAPA YALE ELECTRICA COLOMBIANA IZQUIERDA','UNIDAD','NORMAL','0','0','','8797','1','30','1','0',NULL,NULL,'1'), ('705','CHAPA YALE ELECTRICA COLOMBIANA DERECHA','UNIDAD','NORMAL','0','0','','8798','1','30','1','0',NULL,NULL,'1'), ('706','CHAPA YALE ELECTRICA COL .S/BOTON','UNIDAD','NORMAL','0','0','','8800','1','30','1','0',NULL,NULL,'1'), ('707','ETIQUETADORES PARA LLAVES DE COLORES','UNIDAD','NORMAL','0','0','','1020051','7','33','1','0',NULL,NULL,'1'), ('708','CHAPA YALE TURIN  MANV-MANV DE 4 BULONES','UNIDAD','NORMAL','0','0','','11489','1','30','1','0',NULL,NULL,'1'), ('709','CHAPA YALE PRINCIPAL TURIN BOLA FIJA','UNIDAD','NORMAL','0','0','','10866','1','30','1','0',NULL,NULL,'1'), ('710','CHAPA YALE TIPO PICAPORTE SOBREPONER','UNIDAD','NORMAL','0','0','','3051','1','30','1','0',NULL,NULL,'1'), ('711','REPUESTO GRAPA TRUPER 3/8 ET-21 PARA CHICA','UNIDAD','NORMAL','0','0','','17982','2','28','1','0',NULL,NULL,'1'), ('712','TRANSFORMADOR YALE 12V','UNIDAD','NORMAL',NULL,NULL,'','','15','30','1',NULL,NULL,NULL,'1'), ('713','TRANSFORMADOR YALE CHINO','UNIDAD','NORMAL',NULL,NULL,'','','15','30','1',NULL,NULL,NULL,'1'), ('714','CHAPA YALE SOBREPUESTA CLASICA #60 ','UNIDAD','NORMAL','0','0','','3054','1','30','1','0',NULL,NULL,'1'), ('715','CHAPA YALE SOBREPUESTA CLASICA #50 ','UNIDAD','NORMAL','0','0','','3060','1','30','1','0',NULL,NULL,'1'), ('716','CHAPA YALE GANCHO DER ','UNIDAD','NORMAL','0','0','','3096','1','30','1','0',NULL,NULL,'1'), ('717','CHAPA YALE CLASICA #70 DE DOS GOLPES','UNIDAD','NORMAL','0','0','','3011','1','30','1','0',NULL,NULL,'1'), ('718','CHAPA YALE GANCHO LLAVE LLAVE','UNIDAD','NORMAL','0','0','','3086','1','30','1','0',NULL,NULL,'1'), ('719','CHAPA YALE PRINCIPAL COLOMB.CAOBA','UNIDAD','NORMAL','0','0','','4003','1','30','1','0',NULL,'10','1'), ('720','CHAPA YALE PRINCIPAL COLOMB.CR','UNIDAD','NORMAL','0','0','','4007','1','30','1','0',NULL,NULL,'1'), ('721','BRAZO HIDRAULICO 45K YALE','UNIDAD','NORMAL','0','0','','7018','11','30','1','0',NULL,NULL,'1'), ('722','BRAZO HIDRAULICO 80K YALE','UNIDAD','NORMAL','0','0','','8320','11','30','1','0',NULL,NULL,'1'), ('723','BRAZO HIDRAULICO 150K YALE','UNIDAD','NORMAL','0','0','','7019','11','30','1','0',NULL,NULL,'1'), ('724','CHAPA YALE #60 MULTIP CLASICO SOBREPUESTA','UNIDAD','NORMAL','0','0','','3074','1','30','1','0',NULL,NULL,'1'), ('725','CHAPA YALE ANTIPALANCA MULTIPUNTO SOBREPUESTA','UNIDAD','NORMAL','0','0','','3116','1','30','1','0',NULL,NULL,'1'), ('726','CHAPA YALE #60 DE 3 BARRAS SOBREPUESTA','UNIDAD','NORMAL','0','0','','3187','1','30','1','0',NULL,NULL,'1'), ('727','CHAPA YALE ANTIPALANCA NORMAL','UNIDAD','NORMAL','0','0','','3003','1','30','1','0',NULL,NULL,'1'), ('728','CHAPA YALE PERILLA BANO CHINO ','UNIDAD','NORMAL','0','0','','8949','1','30','1','0',NULL,NULL,'1'), ('729','CHAPA YALE MULTIP APOYO SN ','UNIDAD','NORMAL','0','0','','89174','1','30','1','0',NULL,NULL,'1'), ('730','CHAPA YALE APOYO DO LLAVE -ROSETA','UNIDAD','NORMAL','0','0','','8943','1','30','1','0',NULL,NULL,'1'), ('731','CHAPA YALE APOYO OX LLAVE- ROSETA','UNIDAD','NORMAL','0','0','','8945','1','30','1','0',NULL,NULL,'1'), ('732','CHAPA YALE APOYO SNLLAVE - ROSETA','UNIDAD','NORMAL','0','0','','8947','1','30','1','0',NULL,NULL,'1'), ('733','BARRA ANTIPANICO  YALE TAMPA  COLOR PLATA','UNIDAD','NORMAL','0','0','','35010','1','30','1','0',NULL,NULL,'1'), ('734','BISAGRA H','PAR','NORMAL','0','0','','BIS6','8','6','1','0',NULL,NULL,'1'), ('735','ENGRAPADORA PRETUL','UNIDAD','NORMAL','1','0','','27101','2','31','1','0',NULL,NULL,'7'), ('736','ENGRAPADORA TRUPER CHICO','UNIDAD','NORMAL','1','0','','17977','2','28','1','0',NULL,NULL,'7'), ('737','PALETA PLASTICA NEGRA','UNIDAD','NORMAL','0','0','','F58250-N','7','6','1','0',NULL,NULL,'8'), ('738','PALETA PLASTICA BEIGE','UNIDAD','NORMAL','0','0','','F58250-B','7','6','1','0',NULL,NULL,'8'), ('739','PALETA PLASTICA MOSTAZA','UNIDAD','NORMAL','0','0','','F58250-M','7','6','1','0',NULL,NULL,'8'), ('740','PALETA REDONDA CAFE PARA DIVISIONES CON TORNILLO','UNIDAD','NORMAL','0','0','','','7','6','1','0',NULL,NULL,'8'), ('741','PALETA REDONDA BLANCA PARA DIVISION CON TORNILLO','UNIDAD','NORMAL','0','0','','','7','6','1','0',NULL,NULL,'8'), ('742','PALETA PLASTICA CON CLAVO CAFE','UNIDAD','NORMAL','0','0','','','7','6','1','0',NULL,NULL,'8'), ('743','PISPOT DE PERDIGON PARA MUEBLE CROMADO','UNIDAD','NORMAL','0','0','','','7','6','1','0',NULL,NULL,'8'), ('744','PISPOT PERDIGON DORADO CHICO','UNIDAD','NORMAL','0','0','','','7','6','1','0',NULL,NULL,'8'), ('745','PISPOT PERDIGON DORADO MEDIANO','UNIDAD','NORMAL','0','0','','','7','6','1','0',NULL,NULL,'8'), ('746','TOPE AMORTIGUADOR DE GOMA PARA MUEBLES PARA EMPOTRAR','UNIDAD','NORMAL','0','0','','','7','6','1','0',NULL,NULL,'8'), ('747','TOPE AMORTIGUADOR DE GOMA TRNASPARENTE ADHESIVO EN LAMINA','LAMINA','NORMAL','0','0','','','7','6','1','0',NULL,NULL,'8'), ('748','ESCUADRA PLASTICA TRANSPARENTE','UNIDAD','NORMAL','0','0','','2812','7','10','1','0',NULL,NULL,'8'), ('749','ESCUADRA PLASTICA BLANCO','UNIDAD','NORMAL','0','0','','2813','7','10','1','0',NULL,NULL,'8'), ('750','ESCUADRA PLASTICA NEGRA','UNIDAD','NORMAL','0','0','','2819','7','10','1','0',NULL,NULL,'8'), ('751','ESCUADRA PLASTICA MARRON','UNIDAD','NORMAL','0','0','','2816','7','10','1','0',NULL,NULL,'8'), ('752','ESCUADRA PLASTICA GRIS','UNIDAD','NORMAL','0','0','','2817','7','10','1','0',NULL,NULL,'8'), ('753','TAPA TORNILLO ADHESIVO NEGRO MATE','LAMINA','NORMAL','20','20','','7','7','6','1','0',NULL,NULL,'8'), ('754','TAPA TORNILLO ADHESIVO NEGRO BRILLO','LAMINA','NORMAL','20','0','','188551','7','6','1','0',NULL,NULL,'8'), ('755','TAPA TORNILLO ADHESIVO TABACO CLARO','LAMINA','NORMAL','20','0','','23','7','6','1','0',NULL,NULL,'8'), ('756','TAPA TORNILLO ADHESIVO TABACO OSCURO','LAMINA','NORMAL','20','0','','32','7','6','1','0',NULL,NULL,'8'), ('757','TAPA TORNILLO ADHESIVO BLANCO OSCURO CHICO','LAMINA','NORMAL','20','0','','1','7','6','1','0',NULL,NULL,'8'), ('758','TAPA TORNILLO ADHESIVO BLANCO CLARO GRANDE','LAMINA','NORMAL','20','20','','200','7','6','1','0',NULL,NULL,'8'), ('759','TAPA TORNILLO ADHESIVO ROBLE TEXTURADO','LAMINA','NORMAL','20','0','','14','7','6','1','0',NULL,NULL,'8'), ('760','TAPA TORNILLO ADHESIVO MARA TEXTURADO','LAMINA','NORMAL','20','0','','40','7','6','1','0',NULL,NULL,'8'), ('761','TAPA TORNILLO ADHESIVO PLOMO OSCURO','LAMINA','NORMAL','20','0','','6','7','6','1','0',NULL,NULL,'8'), ('762','BISAGRA INDUMA 3\" AB - LTV','PAR','NORMAL','12','12','','BIS7','8','33','1','0',NULL,NULL,'8'), ('763','BISAGRA INDUMA 3\" DO','PAR','NORMAL','12','12','','BIS8','8','33','1','0',NULL,NULL,'8'), ('764','BISAGRA INDUMA 3\" AC - PAV','PAR','NORMAL','12','12','','BIS9','8','33','1','0',NULL,NULL,'8'), ('765','BISAGRA INDUMA 3\" SN - NIQUEL SATIN','PAR','NORMAL','12','12','','BIS10','8','33','1','0',NULL,NULL,'8'), ('766','BISAGRA INDUMA 2\" AB- LTV','PAR','NORMAL','12','12','','BIS11','8','33','1','0',NULL,NULL,'8'), ('767','BISAGRA INDUMA 2\" DO','PAR','NORMAL','12','12','','BIS12','8','33','1','0',NULL,NULL,'8'), ('768','BISAGRA INDUMA 2\" AC - PAV','PAR','NORMAL','12','12','','BIS13','8','33','1','0',NULL,NULL,'8'), ('769','BISAGRA INDUMA 2\" SN','PAR','NORMAL','12','12','','BIS14','8','33','1','0',NULL,NULL,'8'), ('770','BISAGRA ISERO 4\" OX','PAR','OFERTA','0','0','','BIS16','8','34','1','0',NULL,NULL,'8'), ('771','BISAGRA ISERO 3 1/2\" OX','PAR','OFERTA','0','0','','BIS17','8','34','1','0',NULL,NULL,'8'), ('772','SOPORTE TUBO PLASTICO CHICO CAFE','UNIDAD','NORMAL','0','0','','','7','6','1','0',NULL,NULL,'8'), ('773','UA PARA ESPEJO PLASTICO TRNASPARENTE','UNIDAD','NORMAL','200','0','','F58522','7','6','1','0',NULL,NULL,'8'), ('774','SOPORTE VIDRIO AB EMDI','PAR','NORMAL','0','0','','C1101AB','7','6','1','0',NULL,NULL,'8'), ('775','DESLIZADOR METALICO 19MM DALMACIA','UNIDAD','NORMAL','0','0','','','7','6','1','0',NULL,NULL,'8'), ('776','DESLIZADOR PLASTICO FELPA CAFE','UNIDAD','NORMAL','100','100','','','7','6','1','0',NULL,NULL,'8'), ('777','DESLIZADOR PLASTICO BLANCO DALMACIA','UNIDAD','NORMAL','0','0','','','7','6','1','0',NULL,NULL,'8'), ('778','DESLIZADOR PLASTICO CAFE CLARO ASIA','UNIDAD','NORMAL','0','0','','F58812-L','7','6','1','0',NULL,NULL,'8'), ('779','PATA REGULABLE GRANDE PLOMO DALMACIA','UNIDAD','NORMAL','50','0','','','7','6','1','0',NULL,NULL,'8'), ('780','PATA REGULABLE CHICA NEGRA DALMACIA','UNIDAD','NORMAL','50','0','','','7','6','1','0',NULL,NULL,'8'), ('781','SOPORTE PARA CUADROS GRANDES -DORADO','PIEZA','NORMAL','0','0','','F58550','7','6','1','0',NULL,NULL,'8'), ('782','SOPORTE PARA CUADRO CHICO TRUPER CROMADO','UNIDAD','OFERTA','0','0','','44910','7','28','1','0',NULL,NULL,'8'), ('783','SOPORTE PARA CUADRO GRANDE TRUPER CROMADO','UNIDAD','OFERTA','0','0','','44912','7','28','1','0',NULL,NULL,'8'), ('784','BISAGRA T 6\"','PAR','NORMAL','0','0','','BIS47','8','6','1','0',NULL,NULL,'8'), ('785','BISAGRA L','PAR','OFERTA','0','0','','BIS15','8','6','1','0',NULL,NULL,'8'), ('786','BISAGRA PAPAIZ 4\" AB','PAR','NORMAL','0','0','','S-87776','8','6','1','0',NULL,NULL,'8'), ('787','BISAGRA PISPOT 165 RECTA DALMATA','UNIDAD','NORMAL','20','20','','BIS48','8','6','1','0',NULL,NULL,'8'), ('788','BISAGRA PISPOT ESQUINERA','UNIDAD','NORMAL','0','0','','BIS49','8','6','1','0',NULL,NULL,'8'), ('789','BISAGRA DE VIDRIO DORADO','JUEGO','NORMAL','0','0','','BIS2','8','6','1','0',NULL,NULL,'8'), ('790','BISAGRA DE VIDRIO CROMADO','JUEGO','NORMAL','0','0','','BIS1','8','6','1','0',NULL,NULL,'8'), ('791','CAJA URREA DE HERRAMIENTAS','UNIDAD','OFERTA','0','0','','','2','6','1','0',NULL,NULL,'8'), ('792','CAJA HERMEX PARA DINERO TIPO LONCHERA','PIEZA','NORMAL','0','0','','43075','10','28','1','0',NULL,NULL,'8'), ('793','CAJA YALE PARA DINERO TIPO LONCHERA CHICA','PIEZA','OFERTA','0','0','','11309','10','6','1','0',NULL,NULL,'8'), ('794','CAJA YALE CHICA','PIEZA','NORMAL','0','0','','35102','10','6','1','0',NULL,NULL,'8'), ('795','CANDADO HERMEX GEMELO#38 HIERRO','UNIDAD','NORMAL','0','0','','43321','5','28','1','0',NULL,NULL,'8'), ('796','BARRA ANTIPANICO YALE  ORLANDO COLOR ROJO','PIEZA','NORMAL','0','0','','7134','1','30','1','0',NULL,NULL,'8'), ('797','CHAPA DUREZA BOLA SN','UNIDAD','NORMAL','0','0','','CHAP2','1','9','1','0',NULL,NULL,'8'), ('798','CHAPA FORTE F370 SOBREPUESTA','UNIDAD','NORMAL','3','0','','F370','1','31','1','0',NULL,NULL,'8'), ('799','CHAPA FORTE F111 SOBREPUESTA','UNIDAD','NORMAL','3','0','','F111','1','31','1','0',NULL,NULL,'8'), ('800','CHAPA HERMEX DE SEGURIDAD SN  LL-ROSETA','UNIDAD','NORMAL','0','0','','43601','1','28','1','0',NULL,NULL,'8');
INSERT INTO `productos` VALUES ('801','CHAPA HERMEX DE SEGURIDAD DO LL-ROSETA','UNIDAD','NORMAL','0','0','','43591','1','28','1','0',NULL,NULL,'8'), ('802','CHAPA HERMEX DE SEGURIDAD OX LL-ROSETA','UNIDAD','NORMAL','0','0','','43596','1','28','1','0',NULL,NULL,'8'), ('803','CHAPA HERMEX TIPO PICAPORTE IZQUIERDA','UNIDAD','NORMAL','0','0','','43507','1','28','1','0',NULL,NULL,'8'), ('804','CHAPA POLIFORTE TETRA DE SEGURIDAD CHICO ','UNIDAD','NORMAL','0','0','','0012','1','23','1','0',NULL,NULL,'8'), ('805','CHAPA POLIFORTE TETRA DE SEGURIDAD NORMAL','UNIDAD','NORMAL','0','0','','001T','1','23','1','0',NULL,NULL,'8'), ('806','CHAPA PAPAIZ PERFIL NEGRO MZ33PF','UNIDAD','NORMAL','0','0','','MZ33PF','1','21','1','0',NULL,NULL,'8'), ('807','NIVEL TORPEDO TRUPER','UNIDAD','NORMAL','0','0','','17054','2','28','1','0',NULL,NULL,'8'), ('808','NIVEL TRUPER  14\" NARANJA','UNIDAD','NORMAL','0','0','','17032','2','28','1','0',NULL,NULL,'8');
INSERT INTO `proprv` VALUES (NULL,'1','18'), (NULL,'9','18'), (NULL,'10','18'), (NULL,'11','18'), (NULL,'12','5'), (NULL,'13','5'), (NULL,'14','5'), (NULL,'15','5'), (NULL,'16','5'), (NULL,'17','5'), (NULL,'18','5'), (NULL,'19','5'), (NULL,'20','5'), (NULL,'21','5'), (NULL,'22','5'), (NULL,'23','5'), (NULL,'24','5'), (NULL,'26','10'), (NULL,'27','10'), (NULL,'42','16'), (NULL,'43','16'), (NULL,'45','16'), (NULL,'46','4'), (NULL,'47','4'), (NULL,'48','4'), (NULL,'49','4'), (NULL,'50','4'), (NULL,'51','4'), (NULL,'52','4'), (NULL,'53','4'), (NULL,'54','4'), (NULL,'55','4'), (NULL,'56','4'), (NULL,'57','4'), (NULL,'58','4'), (NULL,'59','4'), (NULL,'60','4'), (NULL,'61','4'), (NULL,'62','4'), (NULL,'63','4'), (NULL,'64','4'), (NULL,'65','4'), (NULL,'66','4'), (NULL,'67','4'), (NULL,'68','4'), (NULL,'69','4'), (NULL,'70','4'), (NULL,'71','4'), (NULL,'72','4'), (NULL,'73','4'), (NULL,'74','4'), (NULL,'75','4'), (NULL,'76','4'), (NULL,'77','4'), (NULL,'78','4'), (NULL,'79','4'), (NULL,'80','4'), (NULL,'81','4'), (NULL,'82','4'), (NULL,'83','4'), (NULL,'84','4'), (NULL,'85','4'), (NULL,'86','4'), (NULL,'87','4'), (NULL,'88','4'), (NULL,'89','4'), (NULL,'90','4'), (NULL,'91','4'), (NULL,'92','4'), (NULL,'93','4'), (NULL,'94','4'), (NULL,'95','4'), (NULL,'96','4'), (NULL,'97','4'), (NULL,'98','4'), (NULL,'99','4'), (NULL,'100','4'), (NULL,'101','4'), (NULL,'106','4'), (NULL,'107','4'), (NULL,'108','4'), (NULL,'109','4'), (NULL,'110','4'), (NULL,'111','4'), (NULL,'112','4'), (NULL,'113','4'), (NULL,'114','4'), (NULL,'115','4'), (NULL,'116','4'), (NULL,'117','8'), (NULL,'118','8'), (NULL,'126','8'), (NULL,'127','8'), (NULL,'128','8'), (NULL,'129','8'), (NULL,'130','8'), (NULL,'131','8'), (NULL,'132','8'), (NULL,'133','8'), (NULL,'134','8');
INSERT INTO `proprv` VALUES (NULL,'135','8'), (NULL,'136','8'), (NULL,'137','8'), (NULL,'142','8'), (NULL,'144','8'), (NULL,'145','8'), (NULL,'146','8'), (NULL,'149','8'), (NULL,'150','8'), (NULL,'151','9'), (NULL,'152','9'), (NULL,'154','9'), (NULL,'155','10'), (NULL,'156','10'), (NULL,'157','10'), (NULL,'158','10'), (NULL,'159','10'), (NULL,'160','10'), (NULL,'161','10'), (NULL,'162','10'), (NULL,'163','10'), (NULL,'165','10'), (NULL,'166','10'), (NULL,'167','10'), (NULL,'168','10'), (NULL,'174','10'), (NULL,'175','10'), (NULL,'176','10'), (NULL,'177','10'), (NULL,'178','10'), (NULL,'179','10'), (NULL,'180','10'), (NULL,'181','10'), (NULL,'182','10'), (NULL,'183','22'), (NULL,'184','13'), (NULL,'185','13'), (NULL,'186','13'), (NULL,'190','13'), (NULL,'195','13'), (NULL,'196','13'), (NULL,'207','13'), (NULL,'208','13'), (NULL,'209','13'), (NULL,'210','7'), (NULL,'211','7'), (NULL,'212','7'), (NULL,'213','7'), (NULL,'214','7'), (NULL,'217','7'), (NULL,'218','7'), (NULL,'219','7'), (NULL,'230','7'), (NULL,'231','7'), (NULL,'232','7'), (NULL,'233','2'), (NULL,'234','2'), (NULL,'235','2'), (NULL,'236','2'), (NULL,'238','2'), (NULL,'239','2'), (NULL,'240','2'), (NULL,'247','2'), (NULL,'248','2'), (NULL,'249','2'), (NULL,'250','19'), (NULL,'251','19'), (NULL,'255','23'), (NULL,'259','8'), (NULL,'260','8'), (NULL,'261','8'), (NULL,'262','8'), (NULL,'268','9'), (NULL,'269','9'), (NULL,'270','9'), (NULL,'271','9'), (NULL,'272','8'), (NULL,'298','9'), (NULL,'299','9'), (NULL,'300','9'), (NULL,'301','9'), (NULL,'302','9'), (NULL,'303','9'), (NULL,'316','19'), (NULL,'317','19'), (NULL,'318','19'), (NULL,'319','19'), (NULL,'320','19'), (NULL,'321','2'), (NULL,'322','2'), (NULL,'323','2'), (NULL,'324','2'), (NULL,'325','2'), (NULL,'326','2'), (NULL,'327','2'), (NULL,'328','2'), (NULL,'329','2'), (NULL,'330','2'), (NULL,'331','2'), (NULL,'332','2');
INSERT INTO `proprv` VALUES (NULL,'333','2'), (NULL,'334','2'), (NULL,'335','2'), (NULL,'336','2'), (NULL,'337','13'), (NULL,'340','21'), (NULL,'341','21'), (NULL,'342','21'), (NULL,'343','21'), (NULL,'344','21'), (NULL,'345','21'), (NULL,'346','21'), (NULL,'347','13'), (NULL,'348','1'), (NULL,'349','1'), (NULL,'350','1'), (NULL,'351','12'), (NULL,'352','12'), (NULL,'353','12'), (NULL,'354','12'), (NULL,'355','12'), (NULL,'356','12'), (NULL,'357','12'), (NULL,'358','12'), (NULL,'359','12'), (NULL,'360','12'), (NULL,'361','12'), (NULL,'362','12'), (NULL,'363','12'), (NULL,'414','19'), (NULL,'432','2'), (NULL,'433','2'), (NULL,'434','2'), (NULL,'447','15'), (NULL,'448','15'), (NULL,'449','15'), (NULL,'450','15'), (NULL,'453','15'), (NULL,'454','15'), (NULL,'455','15'), (NULL,'456','15'), (NULL,'457','15'), (NULL,'458','15'), (NULL,'459','15'), (NULL,'460','15'), (NULL,'461','15'), (NULL,'462','15'), (NULL,'463','15'), (NULL,'464','15'), (NULL,'465','15'), (NULL,'466','15'), (NULL,'467','15'), (NULL,'468','15'), (NULL,'469','15'), (NULL,'470','15'), (NULL,'471','15'), (NULL,'472','15'), (NULL,'473','15'), (NULL,'474','15'), (NULL,'475','15'), (NULL,'476','15'), (NULL,'477','15'), (NULL,'478','15'), (NULL,'479','15'), (NULL,'480','15'), (NULL,'481','15'), (NULL,'482','15'), (NULL,'483','15'), (NULL,'484','15'), (NULL,'485','15'), (NULL,'486','15'), (NULL,'487','15'), (NULL,'488','15'), (NULL,'489','15'), (NULL,'490','15'), (NULL,'502','15'), (NULL,'504','15'), (NULL,'505','15'), (NULL,'506','15'), (NULL,'507','15'), (NULL,'509','15'), (NULL,'510','15'), (NULL,'511','15'), (NULL,'512','15'), (NULL,'513','15'), (NULL,'514','15'), (NULL,'515','15'), (NULL,'516','15'), (NULL,'517','15'), (NULL,'518','15'), (NULL,'519','15'), (NULL,'520','15'), (NULL,'521','15'), (NULL,'522','15'), (NULL,'523','15'), (NULL,'524','15'), (NULL,'525','15'), (NULL,'526','15'), (NULL,'527','15'), (NULL,'528','15');
INSERT INTO `proprv` VALUES (NULL,'529','15'), (NULL,'530','15'), (NULL,'531','15'), (NULL,'532','15'), (NULL,'533','15'), (NULL,'534','15'), (NULL,'535','15'), (NULL,'536','15'), (NULL,'537','15'), (NULL,'538','15'), (NULL,'539','15'), (NULL,'540','15'), (NULL,'541','15'), (NULL,'542','15'), (NULL,'543','15'), (NULL,'544','15'), (NULL,'545','15'), (NULL,'546','15'), (NULL,'547','15'), (NULL,'548','15'), (NULL,'549','15'), (NULL,'550','15'), (NULL,'551','15'), (NULL,'552','15'), (NULL,'553','15'), (NULL,'554','15'), (NULL,'555','15'), (NULL,'556','15'), (NULL,'557','15'), (NULL,'558','15'), (NULL,'559','15'), (NULL,'560','15'), (NULL,'561','15'), (NULL,'562','15'), (NULL,'563','15'), (NULL,'564','15'), (NULL,'565','15'), (NULL,'566','15'), (NULL,'567','15'), (NULL,'568','15'), (NULL,'569','15'), (NULL,'570','15'), (NULL,'571','15'), (NULL,'572','15'), (NULL,'573','15'), (NULL,'574','15'), (NULL,'575','15'), (NULL,'576','15'), (NULL,'577','15'), (NULL,'578','15'), (NULL,'579','15'), (NULL,'580','15'), (NULL,'581','15'), (NULL,'582','15'), (NULL,'583','15'), (NULL,'584','15'), (NULL,'585','15'), (NULL,'586','15'), (NULL,'587','15'), (NULL,'588','15'), (NULL,'589','15'), (NULL,'590','15'), (NULL,'594','15'), (NULL,'595','15'), (NULL,'597','15'), (NULL,'598','15'), (NULL,'599','15'), (NULL,'600','15'), (NULL,'601','15'), (NULL,'602','15'), (NULL,'603','15'), (NULL,'604','15'), (NULL,'605','15'), (NULL,'606','15'), (NULL,'607','15'), (NULL,'608','15'), (NULL,'609','15'), (NULL,'610','15'), (NULL,'616','15'), (NULL,'617','15'), (NULL,'618','15'), (NULL,'619','15'), (NULL,'620','15'), (NULL,'621','15'), (NULL,'622','15'), (NULL,'623','15'), (NULL,'624','15'), (NULL,'625','15'), (NULL,'630','15'), (NULL,'631','15'), (NULL,'632','15'), (NULL,'633','15'), (NULL,'634','15'), (NULL,'635','15'), (NULL,'636','15'), (NULL,'637','15'), (NULL,'638','15'), (NULL,'639','15'), (NULL,'640','15'), (NULL,'641','15');
INSERT INTO `proprv` VALUES (NULL,'642','15'), (NULL,'643','15'), (NULL,'644','15'), (NULL,'645','15'), (NULL,'646','15'), (NULL,'647','15'), (NULL,'648','15'), (NULL,'649','15'), (NULL,'650','15'), (NULL,'652','15'), (NULL,'653','15'), (NULL,'655','15'), (NULL,'656','15'), (NULL,'657','15'), (NULL,'658','15'), (NULL,'659','3'), (NULL,'660','3'), (NULL,'661','3'), (NULL,'662','3'), (NULL,'663','3'), (NULL,'666','10'), (NULL,'675','13'), (NULL,'676','13'), (NULL,'677','13'), (NULL,'678','13'), (NULL,'679','13'), (NULL,'680','11'), (NULL,'681','11'), (NULL,'682','11'), (NULL,'683','11'), (NULL,'684','11'), (NULL,'685','11'), (NULL,'686','11'), (NULL,'687','11'), (NULL,'688','11'), (NULL,'689','11'), (NULL,'690','11'), (NULL,'691','11'), (NULL,'692','11'), (NULL,'693','11'), (NULL,'694','11'), (NULL,'695','11'), (NULL,'712','11'), (NULL,'713','11'), (NULL,'669','10'), (NULL,'724','11'), (NULL,'725','11'), (NULL,'726','11'), (NULL,'729','11'), (NULL,'733','11'), (NULL,'796','11'), (NULL,'396','12'), (NULL,'265','9'), (NULL,'797','9'), (NULL,'397','12'), (NULL,'398','12'), (NULL,'393','12'), (NULL,'410','12'), (NULL,'411','12'), (NULL,'394','12'), (NULL,'399','12'), (NULL,'395','12'), (NULL,'400','12'), (NULL,'401','12'), (NULL,'193','13'), (NULL,'263','9'), (NULL,'264','9'), (NULL,'28','17'), (NULL,'29','17'), (NULL,'30','17'), (NULL,'31','17'), (NULL,'33','17'), (NULL,'32','17'), (NULL,'798','17'), (NULL,'799','17'), (NULL,'451','17'), (NULL,'452','17'), (NULL,'292','2'), (NULL,'293','2'), (NULL,'294','2'), (NULL,'338','13'), (NULL,'339','13'), (NULL,'25','5'), (NULL,'39','17'), (NULL,'36','17'), (NULL,'37','17'), (NULL,'34','17'), (NULL,'38','17'), (NULL,'40','10'), (NULL,'412','12'), (NULL,'413','12'), (NULL,'373','12'), (NULL,'392','12'), (NULL,'258','2'), (NULL,'503','15'), (NULL,'500','15'), (NULL,'501','15'), (NULL,'494','15'), (NULL,'496','15'), (NULL,'800','15');
INSERT INTO `proprv` VALUES (NULL,'495','15'), (NULL,'801','15'), (NULL,'802','15'), (NULL,'285','4'), (NULL,'704','11'), (NULL,'705','11'), (NULL,'498','15'), (NULL,'499','15'), (NULL,'309','19'), (NULL,'304','19'), (NULL,'305','19'), (NULL,'306','19'), (NULL,'307','19'), (NULL,'308','19'), (NULL,'310','19'), (NULL,'311','19'), (NULL,'312','19'), (NULL,'313','19'), (NULL,'388','12'), (NULL,'389','12'), (NULL,'390','12'), (NULL,'2','18'), (NULL,'3','18'), (NULL,'4','18'), (NULL,'497','15'), (NULL,'803','15'), (NULL,'391','12'), (NULL,'710','11'), (NULL,'291','4'), (NULL,'194','8'), (NULL,'5','18'), (NULL,'122','8'), (NULL,'123','8'), (NULL,'124','8'), (NULL,'125','8'), (NULL,'191','13'), (NULL,'192','13'), (NULL,'197','13'), (NULL,'198','13'), (NULL,'199','13'), (NULL,'200','13'), (NULL,'201','13'), (NULL,'203','13'), (NULL,'202','13'), (NULL,'204','13'), (NULL,'205','13'), (NULL,'206','13'), (NULL,'273','4'), (NULL,'274','4'), (NULL,'275','4'), (NULL,'276','4'), (NULL,'277','4'), (NULL,'278','4'), (NULL,'279','4'), (NULL,'280','4'), (NULL,'281','4'), (NULL,'282','4'), (NULL,'283','4'), (NULL,'286','4'), (NULL,'284','4'), (NULL,'290','4'), (NULL,'369','12'), (NULL,'370','12'), (NULL,'371','12'), (NULL,'372','12'), (NULL,'421','11'), (NULL,'714','11'), (NULL,'715','11'), (NULL,'379','12'), (NULL,'420','11'), (NULL,'419','11'), (NULL,'697','11'), (NULL,'427','20'), (NULL,'428','20'), (NULL,'429','20'), (NULL,'804','20'), (NULL,'805','20'), (NULL,'378','12'), (NULL,'382','12'), (NULL,'386','12'), (NULL,'387','12'), (NULL,'806','12'), (NULL,'374','12'), (NULL,'375','12'), (NULL,'296','7'), (NULL,'297','7'), (NULL,'706','11'), (NULL,'672','6'), (NULL,'673','6'), (NULL,'295','7'), (NULL,'716','11'), (NULL,'717','19'), (NULL,'718','11'), (NULL,'404','12'), (NULL,'405','12'), (NULL,'406','12'), (NULL,'407','12'), (NULL,'408','12'), (NULL,'409','12'), (NULL,'377','12');
INSERT INTO `proprv` VALUES (NULL,'376','12'), (NULL,'380','12'), (NULL,'381','12'), (NULL,'384','12'), (NULL,'385','12'), (NULL,'703','11'), (NULL,'728','11'), (NULL,'6','18'), (NULL,'7','18'), (NULL,'367','12'), (NULL,'368','12'), (NULL,'383','12'), (NULL,'667','10'), (NULL,'668','10'), (NULL,'423','11'), (NULL,'256','6'), (NULL,'257','6'), (NULL,'425','11'), (NULL,'402','12'), (NULL,'665','10'), (NULL,'664','10'), (NULL,'364','12'), (NULL,'670','10'), (NULL,'671','10'), (NULL,'416','11'), (NULL,'415','11'), (NULL,'492','15'), (NULL,'699','10'), (NULL,'696','11'), (NULL,'698','11'), (NULL,'719','11'), (NULL,'720','11'), (NULL,'417','11'), (NULL,'418','11'), (NULL,'366','12'), (NULL,'365','12'), (NULL,'422','11'), (NULL,'435','7'), (NULL,'436','7'), (NULL,'437','7'), (NULL,'438','7'), (NULL,'439','7'), (NULL,'440','7'), (NULL,'441','7'), (NULL,'442','7'), (NULL,'443','7'), (NULL,'444','7'), (NULL,'445','7'), (NULL,'446','7'), (NULL,'491','15'), (NULL,'493','15'), (NULL,'430','14'), (NULL,'431','14'), (NULL,'8','18'), (NULL,'403','12'), (NULL,'426','11'), (NULL,'424','11'), (NULL,'709','11'), (NULL,'711','15'), (NULL,'727','11'), (NULL,'730','11'), (NULL,'731','11'), (NULL,'732','11'), (NULL,'674','10'), (NULL,'35','11'), (NULL,'708','11'), (NULL,'707','19'), (NULL,'289','4'), (NULL,'288','4'), (NULL,'615','15'), (NULL,'654','15'), (NULL,'651','15'), (NULL,'651','7'), (NULL,'593','15'), (NULL,'596','15'), (NULL,'614','15'), (NULL,'613','15'), (NULL,'611','15'), (NULL,'612','15'), (NULL,'138','8'), (NULL,'139','8'), (NULL,'252','23'), (NULL,'105','4'), (NULL,'253','23'), (NULL,'254','23'), (NULL,'143','8'), (NULL,'103','4'), (NULL,'140','8'), (NULL,'141','8'), (NULL,'628','15'), (NULL,'629','15'), (NULL,'104','4'), (NULL,'627','15'), (NULL,'626','15'), (NULL,'102','4'), (NULL,'153','9'), (NULL,'147','8'), (NULL,'148','8'), (NULL,'266','9'), (NULL,'267','9');
INSERT INTO `proprv` VALUES (NULL,'44','16'), (NULL,'734','16'), (NULL,'770','9'), (NULL,'771','9'), (NULL,'243','2'), (NULL,'244','2'), (NULL,'245','2'), (NULL,'246','2'), (NULL,'41','6'), (NULL,'119','8'), (NULL,'120','8'), (NULL,'121','8'), (NULL,'164','10'), (NULL,'169','10'), (NULL,'170','10'), (NULL,'171','10'), (NULL,'172','10'), (NULL,'187','13'), (NULL,'188','13'), (NULL,'189','13'), (NULL,'215','7'), (NULL,'216','7'), (NULL,'220','7'), (NULL,'221','7'), (NULL,'222','7'), (NULL,'223','7'), (NULL,'224','7'), (NULL,'225','7'), (NULL,'226','7'), (NULL,'227','7'), (NULL,'228','7'), (NULL,'229','7'), (NULL,'237','2'), (NULL,'241','2'), (NULL,'242','2'), (NULL,'314','19'), (NULL,'315','19'), (NULL,'721','11'), (NULL,'722','11'), (NULL,'723','11'), (NULL,'700','11'), (NULL,'701','11'), (NULL,'702','11'), (NULL,'744','13'), (NULL,'793','11'), (NULL,'775','8'), (NULL,'776','8'), (NULL,'777','8'), (NULL,'778','4'), (NULL,'287','10'), (NULL,'749','8'), (NULL,'748','8'), (NULL,'750','8'), (NULL,'751','8'), (NULL,'752','8'), (NULL,'592','15'), (NULL,'591','15'), (NULL,'753','8'), (NULL,'807','15'), (NULL,'808','15'), (NULL,'508','15'), (NULL,'739','4'), (NULL,'173','10'), (NULL,'740','8');
INSERT INTO `proprvor` VALUES (NULL,'2','18'), (NULL,'3','18'), (NULL,'4','18'), (NULL,'5','18'), (NULL,'6','18'), (NULL,'7','18'), (NULL,'8','18'), (NULL,'9','18'), (NULL,'10','18'), (NULL,'11','18'), (NULL,'12','5'), (NULL,'13','5'), (NULL,'14','5'), (NULL,'15','5'), (NULL,'16','5'), (NULL,'17','5'), (NULL,'18','5'), (NULL,'19','5'), (NULL,'20','5'), (NULL,'21','5'), (NULL,'22','5'), (NULL,'23','5'), (NULL,'24','5'), (NULL,'25','5'), (NULL,'26','10'), (NULL,'27','10'), (NULL,'28','17'), (NULL,'29','17'), (NULL,'30','17'), (NULL,'31','17'), (NULL,'32','17'), (NULL,'33','17'), (NULL,'34','17'), (NULL,'35','17'), (NULL,'36','17'), (NULL,'37','17'), (NULL,'38','17'), (NULL,'39','17'), (NULL,'40','17'), (NULL,'44','16'), (NULL,'45','16'), (NULL,'46','4'), (NULL,'47','4'), (NULL,'48','4'), (NULL,'49','4'), (NULL,'50','4'), (NULL,'51','4'), (NULL,'52','4'), (NULL,'53','4'), (NULL,'54','4'), (NULL,'59','4'), (NULL,'60','4'), (NULL,'61','4'), (NULL,'62','4'), (NULL,'63','4'), (NULL,'65','4'), (NULL,'66','4'), (NULL,'72','4'), (NULL,'73','4'), (NULL,'74','4'), (NULL,'75','4'), (NULL,'85','4'), (NULL,'86','4'), (NULL,'87','4'), (NULL,'88','4'), (NULL,'89','4'), (NULL,'90','4'), (NULL,'91','4'), (NULL,'92','4'), (NULL,'93','4'), (NULL,'94','4'), (NULL,'95','4'), (NULL,'98','4'), (NULL,'101','4'), (NULL,'102','4'), (NULL,'103','4'), (NULL,'104','4'), (NULL,'105','4'), (NULL,'106','4'), (NULL,'107','4'), (NULL,'108','4'), (NULL,'109','4'), (NULL,'110','4'), (NULL,'111','4'), (NULL,'112','4'), (NULL,'113','4'), (NULL,'114','4'), (NULL,'115','4'), (NULL,'116','4'), (NULL,'118','8'), (NULL,'122','8'), (NULL,'123','8'), (NULL,'124','8'), (NULL,'125','8'), (NULL,'126','8'), (NULL,'127','8'), (NULL,'128','8'), (NULL,'129','8'), (NULL,'130','8'), (NULL,'131','8');
INSERT INTO `proprvor` VALUES (NULL,'132','8'), (NULL,'133','8'), (NULL,'134','8'), (NULL,'135','8'), (NULL,'136','8'), (NULL,'137','8'), (NULL,'138','8'), (NULL,'139','8'), (NULL,'140','8'), (NULL,'141','8'), (NULL,'142','8'), (NULL,'143','8'), (NULL,'144','8'), (NULL,'145','8'), (NULL,'146','8'), (NULL,'147','8'), (NULL,'148','8'), (NULL,'149','8'), (NULL,'150','8'), (NULL,'152','9'), (NULL,'153','9'), (NULL,'154','9'), (NULL,'165','10'), (NULL,'166','10'), (NULL,'167','10'), (NULL,'168','10'), (NULL,'173','10'), (NULL,'174','10'), (NULL,'175','10'), (NULL,'176','10'), (NULL,'177','10'), (NULL,'178','10'), (NULL,'179','10'), (NULL,'180','10'), (NULL,'181','10'), (NULL,'182','10'), (NULL,'183','22'), (NULL,'190','13'), (NULL,'191','13'), (NULL,'192','13'), (NULL,'193','13'), (NULL,'194','13'), (NULL,'195','13'), (NULL,'196','13'), (NULL,'197','13'), (NULL,'198','13'), (NULL,'199','13'), (NULL,'200','13'), (NULL,'201','13'), (NULL,'202','13'), (NULL,'203','13'), (NULL,'204','13'), (NULL,'205','13'), (NULL,'206','13'), (NULL,'207','13'), (NULL,'208','13'), (NULL,'209','13'), (NULL,'210','7'), (NULL,'211','7'), (NULL,'212','7'), (NULL,'213','7'), (NULL,'214','7'), (NULL,'217','7'), (NULL,'230','7'), (NULL,'231','7'), (NULL,'232','7'), (NULL,'233','2'), (NULL,'234','2'), (NULL,'235','2'), (NULL,'236','2'), (NULL,'238','2'), (NULL,'239','2'), (NULL,'241','2'), (NULL,'242','2'), (NULL,'247','2'), (NULL,'248','2'), (NULL,'249','2'), (NULL,'250','19'), (NULL,'252','23'), (NULL,'253','23'), (NULL,'254','23'), (NULL,'255','23'), (NULL,'256','6'), (NULL,'257','6'), (NULL,'258','2'), (NULL,'259','8'), (NULL,'260','8'), (NULL,'261','8'), (NULL,'262','8'), (NULL,'263','9'), (NULL,'264','9'), (NULL,'265','9'), (NULL,'266','9'), (NULL,'267','9'), (NULL,'268','9'), (NULL,'269','9'), (NULL,'270','9'), (NULL,'271','9'), (NULL,'272','8'), (NULL,'273','4');
INSERT INTO `proprvor` VALUES (NULL,'274','4'), (NULL,'275','4'), (NULL,'276','4'), (NULL,'277','4'), (NULL,'278','4'), (NULL,'279','4'), (NULL,'280','4'), (NULL,'281','4'), (NULL,'282','4'), (NULL,'283','4'), (NULL,'284','4'), (NULL,'285','4'), (NULL,'286','4'), (NULL,'288','4'), (NULL,'289','4'), (NULL,'290','4'), (NULL,'291','4'), (NULL,'292','2'), (NULL,'293','2'), (NULL,'294','2'), (NULL,'295','7'), (NULL,'296','7'), (NULL,'297','7'), (NULL,'298','9'), (NULL,'299','9'), (NULL,'300','9'), (NULL,'301','9'), (NULL,'302','9'), (NULL,'303','9'), (NULL,'304','19'), (NULL,'305','19'), (NULL,'306','19'), (NULL,'307','19'), (NULL,'308','19'), (NULL,'309','19'), (NULL,'310','19'), (NULL,'311','19'), (NULL,'312','19'), (NULL,'313','19'), (NULL,'316','19'), (NULL,'317','19'), (NULL,'318','19'), (NULL,'319','19'), (NULL,'320','19'), (NULL,'321','2'), (NULL,'322','2'), (NULL,'323','2'), (NULL,'324','2'), (NULL,'325','2'), (NULL,'326','2'), (NULL,'327','2'), (NULL,'328','2'), (NULL,'329','2'), (NULL,'330','2'), (NULL,'331','2'), (NULL,'332','2'), (NULL,'333','2'), (NULL,'334','2'), (NULL,'335','2'), (NULL,'336','2'), (NULL,'337','13'), (NULL,'338','13'), (NULL,'339','13'), (NULL,'348','1'), (NULL,'349','1'), (NULL,'350','1'), (NULL,'364','12'), (NULL,'365','12'), (NULL,'366','12'), (NULL,'367','12'), (NULL,'368','12'), (NULL,'369','12'), (NULL,'370','12'), (NULL,'371','12'), (NULL,'372','12'), (NULL,'373','12'), (NULL,'374','12'), (NULL,'375','12'), (NULL,'376','12'), (NULL,'377','12'), (NULL,'378','12'), (NULL,'379','12'), (NULL,'380','12'), (NULL,'381','12'), (NULL,'382','12'), (NULL,'383','12'), (NULL,'384','12'), (NULL,'385','12'), (NULL,'386','12'), (NULL,'387','12'), (NULL,'388','12'), (NULL,'389','12'), (NULL,'390','12'), (NULL,'391','12'), (NULL,'392','12'), (NULL,'393','12'), (NULL,'394','12'), (NULL,'395','12'), (NULL,'396','12'), (NULL,'397','12');
INSERT INTO `proprvor` VALUES (NULL,'398','12'), (NULL,'399','12'), (NULL,'400','12'), (NULL,'401','12'), (NULL,'402','12'), (NULL,'403','12'), (NULL,'404','12'), (NULL,'405','12'), (NULL,'406','12'), (NULL,'407','12'), (NULL,'408','12'), (NULL,'409','12'), (NULL,'410','12'), (NULL,'411','12'), (NULL,'412','12'), (NULL,'413','12'), (NULL,'415','11'), (NULL,'416','11'), (NULL,'417','11'), (NULL,'418','11'), (NULL,'419','11'), (NULL,'420','11'), (NULL,'421','11'), (NULL,'422','11'), (NULL,'423','11'), (NULL,'424','11'), (NULL,'425','11'), (NULL,'426','11'), (NULL,'427','20'), (NULL,'428','20'), (NULL,'429','20'), (NULL,'430','20'), (NULL,'431','20'), (NULL,'435','7'), (NULL,'436','7'), (NULL,'437','7'), (NULL,'438','7'), (NULL,'439','7'), (NULL,'440','7'), (NULL,'441','7'), (NULL,'442','7'), (NULL,'443','7'), (NULL,'444','7'), (NULL,'445','7'), (NULL,'446','7'), (NULL,'447','15'), (NULL,'448','15'), (NULL,'449','15'), (NULL,'450','15'), (NULL,'451','17'), (NULL,'452','17'), (NULL,'488','15'), (NULL,'489','15'), (NULL,'490','15'), (NULL,'491','15'), (NULL,'492','15'), (NULL,'493','15'), (NULL,'494','15'), (NULL,'495','15'), (NULL,'496','15'), (NULL,'497','15'), (NULL,'498','15'), (NULL,'499','15'), (NULL,'500','15'), (NULL,'501','15'), (NULL,'502','15'), (NULL,'503','15'), (NULL,'505','15'), (NULL,'506','15'), (NULL,'507','15'), (NULL,'508','15'), (NULL,'509','15'), (NULL,'510','15'), (NULL,'511','15'), (NULL,'512','15'), (NULL,'513','15'), (NULL,'514','15'), (NULL,'515','15'), (NULL,'516','15'), (NULL,'517','15'), (NULL,'518','15'), (NULL,'520','15'), (NULL,'521','15'), (NULL,'522','15'), (NULL,'523','15'), (NULL,'524','15'), (NULL,'525','15'), (NULL,'526','15'), (NULL,'527','15'), (NULL,'528','15'), (NULL,'529','15'), (NULL,'530','15'), (NULL,'531','15'), (NULL,'532','15'), (NULL,'533','15'), (NULL,'534','15'), (NULL,'535','15'), (NULL,'536','15'), (NULL,'537','15'), (NULL,'538','15');
INSERT INTO `proprvor` VALUES (NULL,'539','15'), (NULL,'540','15'), (NULL,'541','15'), (NULL,'542','15'), (NULL,'543','15'), (NULL,'544','15'), (NULL,'545','15'), (NULL,'546','15'), (NULL,'547','15'), (NULL,'548','15'), (NULL,'549','15'), (NULL,'550','15'), (NULL,'551','15'), (NULL,'552','15'), (NULL,'553','15'), (NULL,'554','15'), (NULL,'555','15'), (NULL,'556','15'), (NULL,'557','15'), (NULL,'558','15'), (NULL,'559','15'), (NULL,'560','15'), (NULL,'561','15'), (NULL,'562','15'), (NULL,'563','15'), (NULL,'564','15'), (NULL,'565','15'), (NULL,'566','15'), (NULL,'567','15'), (NULL,'568','15'), (NULL,'569','15'), (NULL,'570','15'), (NULL,'571','15'), (NULL,'572','15'), (NULL,'574','15'), (NULL,'575','15'), (NULL,'576','15'), (NULL,'577','15'), (NULL,'578','15'), (NULL,'579','15'), (NULL,'580','15'), (NULL,'581','15'), (NULL,'582','15'), (NULL,'583','15'), (NULL,'584','15'), (NULL,'585','15'), (NULL,'586','15'), (NULL,'587','15'), (NULL,'588','15'), (NULL,'589','15'), (NULL,'590','15'), (NULL,'591','15'), (NULL,'592','15'), (NULL,'593','15'), (NULL,'594','15'), (NULL,'595','15'), (NULL,'596','15'), (NULL,'597','15'), (NULL,'598','15'), (NULL,'599','15'), (NULL,'600','15'), (NULL,'601','15'), (NULL,'602','15'), (NULL,'603','15'), (NULL,'604','15'), (NULL,'605','15'), (NULL,'606','15'), (NULL,'607','15'), (NULL,'608','15'), (NULL,'609','15'), (NULL,'610','15'), (NULL,'611','15'), (NULL,'612','15'), (NULL,'613','15'), (NULL,'614','15'), (NULL,'615','15'), (NULL,'616','15'), (NULL,'617','15'), (NULL,'618','15'), (NULL,'619','15'), (NULL,'620','15'), (NULL,'621','15'), (NULL,'622','15'), (NULL,'623','15'), (NULL,'624','15'), (NULL,'625','15'), (NULL,'626','15'), (NULL,'627','15'), (NULL,'628','15'), (NULL,'629','15'), (NULL,'630','15'), (NULL,'631','15'), (NULL,'632','15'), (NULL,'633','15'), (NULL,'634','15'), (NULL,'635','15'), (NULL,'636','15'), (NULL,'637','15'), (NULL,'638','15'), (NULL,'639','15');
INSERT INTO `proprvor` VALUES (NULL,'640','15'), (NULL,'641','15'), (NULL,'642','15'), (NULL,'643','15'), (NULL,'644','15'), (NULL,'645','15'), (NULL,'646','15'), (NULL,'647','15'), (NULL,'648','15'), (NULL,'649','15'), (NULL,'650','15'), (NULL,'652','15'), (NULL,'653','15'), (NULL,'654','15'), (NULL,'655','15'), (NULL,'656','15'), (NULL,'657','15'), (NULL,'658','15'), (NULL,'659','3'), (NULL,'660','3'), (NULL,'661','3'), (NULL,'662','3'), (NULL,'663','3'), (NULL,'664','10'), (NULL,'665','10'), (NULL,'666','10'), (NULL,'667','10'), (NULL,'668','10'), (NULL,'670','10'), (NULL,'671','10'), (NULL,'672','6'), (NULL,'673','6'), (NULL,'674','6'), (NULL,'696','11'), (NULL,'697','11'), (NULL,'698','11'), (NULL,'699','11'), (NULL,'700','11'), (NULL,'701','11'), (NULL,'702','11'), (NULL,'703','11'), (NULL,'704','11'), (NULL,'705','11'), (NULL,'706','11'), (NULL,'707','11'), (NULL,'708','11'), (NULL,'709','11'), (NULL,'710','11'), (NULL,'711','11'), (NULL,'712','11'), (NULL,'713','11'), (NULL,'714','11'), (NULL,'715','11'), (NULL,'716','11'), (NULL,'717','11'), (NULL,'718','11'), (NULL,'719','11'), (NULL,'720','11'), (NULL,'726','11'), (NULL,'727','11'), (NULL,'728','11'), (NULL,'730','11'), (NULL,'731','11'), (NULL,'732','11'), (NULL,'733','11'), (NULL,'651','15'), (NULL,'651','7'), (NULL,'735','15'), (NULL,'736','15'), (NULL,'240','2'), (NULL,'96','4'), (NULL,'96','13'), (NULL,'97','4'), (NULL,'69','4'), (NULL,'70','4'), (NULL,'71','4'), (NULL,'737','4'), (NULL,'738','4'), (NULL,'739','4'), (NULL,'740','8'), (NULL,'741','8'), (NULL,'742','8'), (NULL,'743','13'), (NULL,'744','13'), (NULL,'745','13'), (NULL,'43','16'), (NULL,'1','18'), (NULL,'746','8'), (NULL,'748','8'), (NULL,'749','8'), (NULL,'750','8'), (NULL,'751','8'), (NULL,'752','8'), (NULL,'76','4'), (NULL,'77','4'), (NULL,'78','4'), (NULL,'79','4'), (NULL,'80','4'), (NULL,'81','4'), (NULL,'82','4');
INSERT INTO `proprvor` VALUES (NULL,'83','4'), (NULL,'84','4'), (NULL,'753','8'), (NULL,'754','8'), (NULL,'754','9'), (NULL,'755','8'), (NULL,'756','8'), (NULL,'757','8'), (NULL,'758','8'), (NULL,'759','8'), (NULL,'760','8'), (NULL,'761','8'), (NULL,'55','4'), (NULL,'56','4'), (NULL,'57','4'), (NULL,'58','4'), (NULL,'67','4'), (NULL,'68','4'), (NULL,'99','4'), (NULL,'100','4'), (NULL,'155','10'), (NULL,'156','10'), (NULL,'157','10'), (NULL,'158','10'), (NULL,'159','10'), (NULL,'160','10'), (NULL,'161','10'), (NULL,'162','10'), (NULL,'163','10'), (NULL,'218','7'), (NULL,'219','7'), (NULL,'64','4'), (NULL,'216','7'), (NULL,'216','8'), (NULL,'215','7'), (NULL,'251','19'), (NULL,'42','16'), (NULL,'117','8'), (NULL,'747','13'), (NULL,'41','6'), (NULL,'164','10'), (NULL,'171','10'), (NULL,'170','10'), (NULL,'188','13'), (NULL,'189','13'), (NULL,'226','7'), (NULL,'244','2'), (NULL,'228','7'), (NULL,'229','7'), (NULL,'243','2'), (NULL,'245','2'), (NULL,'246','2'), (NULL,'172','10'), (NULL,'169','10'), (NULL,'573','15'), (NULL,'187','13'), (NULL,'222','7'), (NULL,'223','7'), (NULL,'221','7'), (NULL,'224','7'), (NULL,'227','7'), (NULL,'225','7'), (NULL,'121','8'), (NULL,'119','8'), (NULL,'120','8'), (NULL,'314','19'), (NULL,'315','19'), (NULL,'519','15'), (NULL,'237','2'), (NULL,'220','7'), (NULL,'762','10'), (NULL,'763','10'), (NULL,'764','10'), (NULL,'765','10'), (NULL,'766','10'), (NULL,'767','10'), (NULL,'768','10'), (NULL,'769','10'), (NULL,'770','13'), (NULL,'771','13'), (NULL,'772','9'), (NULL,'773','4'), (NULL,'774','9'), (NULL,'775','8'), (NULL,'776','8'), (NULL,'777','8'), (NULL,'778','4'), (NULL,'779','8'), (NULL,'780','8'), (NULL,'781','4'), (NULL,'782','15'), (NULL,'783','15'), (NULL,'151','9'), (NULL,'734','16'), (NULL,'784','16'), (NULL,'785','9'), (NULL,'786','12'), (NULL,'787','8'), (NULL,'788','8'), (NULL,'789','13');
INSERT INTO `proprvor` VALUES (NULL,'790','24'), (NULL,'504','15'), (NULL,'721','11'), (NULL,'722','11'), (NULL,'723','11'), (NULL,'432','2'), (NULL,'433','2'), (NULL,'434','2'), (NULL,'791','14'), (NULL,'792','15'), (NULL,'793','11'), (NULL,'794','11'), (NULL,'476','15'), (NULL,'474','15'), (NULL,'473','15'), (NULL,'472','15'), (NULL,'471','15'), (NULL,'184','13'), (NULL,'347','13'), (NULL,'465','15'), (NULL,'346','21'), (NULL,'343','21'), (NULL,'344','21'), (NULL,'341','21'), (NULL,'342','21'), (NULL,'345','21'), (NULL,'359','12'), (NULL,'351','12'), (NULL,'352','12'), (NULL,'353','12'), (NULL,'354','12'), (NULL,'355','12'), (NULL,'356','12'), (NULL,'357','12'), (NULL,'358','12'), (NULL,'360','12'), (NULL,'361','12'), (NULL,'362','12'), (NULL,'363','12'), (NULL,'464','15'), (NULL,'685','11'), (NULL,'686','11'), (NULL,'687','11'), (NULL,'688','11'), (NULL,'414','19'), (NULL,'475','15'), (NULL,'453','15'), (NULL,'454','15'), (NULL,'455','15'), (NULL,'456','15'), (NULL,'457','15'), (NULL,'458','15'), (NULL,'459','15'), (NULL,'460','15'), (NULL,'461','15'), (NULL,'462','15'), (NULL,'463','15'), (NULL,'795','15'), (NULL,'680','11'), (NULL,'681','11'), (NULL,'682','11'), (NULL,'683','11'), (NULL,'340','21'), (NULL,'466','15'), (NULL,'467','15'), (NULL,'468','15'), (NULL,'469','15'), (NULL,'470','15'), (NULL,'485','15'), (NULL,'477','15'), (NULL,'185','13'), (NULL,'692','11'), (NULL,'693','11'), (NULL,'483','15'), (NULL,'484','15'), (NULL,'486','15'), (NULL,'487','15'), (NULL,'694','11'), (NULL,'695','11'), (NULL,'481','15'), (NULL,'482','15'), (NULL,'669','10'), (NULL,'724','11'), (NULL,'725','11'), (NULL,'729','11'), (NULL,'689','11'), (NULL,'690','11'), (NULL,'691','11'), (NULL,'480','15'), (NULL,'479','15'), (NULL,'478','15'), (NULL,'186','13'), (NULL,'676','13'), (NULL,'675','13'), (NULL,'677','13'), (NULL,'678','13'), (NULL,'679','13'), (NULL,'684','11'), (NULL,'287','10');
INSERT INTO `proveedores` VALUES ('1','CRISTINA TUBOS',NULL,NULL,NULL,NULL,NULL,NULL,NULL,'1',NULL), ('2','SAN FRANCISCO',NULL,NULL,NULL,NULL,NULL,NULL,NULL,'1',NULL), ('3','GUTIERREZ',NULL,NULL,NULL,NULL,NULL,NULL,NULL,'1',NULL), ('4','ASIA',NULL,NULL,NULL,NULL,NULL,NULL,NULL,'1',NULL), ('5','AMIG',NULL,NULL,NULL,NULL,NULL,NULL,NULL,'1',NULL), ('6','PORCEL',NULL,NULL,NULL,NULL,NULL,NULL,NULL,'1',NULL), ('7','SANGUEZA',NULL,NULL,NULL,NULL,NULL,NULL,NULL,'1',NULL), ('8','DALMACIA',NULL,NULL,NULL,NULL,NULL,NULL,NULL,'1',NULL), ('9','EMDI',NULL,NULL,NULL,NULL,NULL,NULL,NULL,'1',NULL), ('10','M y M',NULL,NULL,NULL,NULL,NULL,NULL,NULL,'1',NULL), ('11','SALCEF',NULL,NULL,NULL,NULL,NULL,NULL,NULL,'1',NULL), ('12','PAPAIZ',NULL,NULL,NULL,NULL,NULL,NULL,NULL,'1',NULL), ('13','RENE',NULL,NULL,NULL,NULL,NULL,NULL,NULL,'1',NULL), ('14','SURTEK',NULL,NULL,NULL,NULL,NULL,NULL,NULL,'1',NULL), ('15','SALCEDO',NULL,NULL,NULL,NULL,NULL,NULL,NULL,'1',NULL), ('16','AMERICA',NULL,NULL,NULL,NULL,NULL,NULL,NULL,'1',NULL), ('17','MIRNA',NULL,NULL,NULL,NULL,NULL,NULL,NULL,'1',NULL), ('18','ALIANZA',NULL,NULL,NULL,NULL,NULL,NULL,NULL,'1',NULL), ('19','WAKO',NULL,NULL,NULL,NULL,NULL,NULL,NULL,'1',NULL), ('20','MILANO',NULL,NULL,NULL,NULL,NULL,NULL,NULL,'1',NULL), ('21','MASTER',NULL,NULL,NULL,NULL,NULL,NULL,NULL,'1',NULL), ('22','MIN',NULL,NULL,NULL,NULL,NULL,NULL,NULL,'1',NULL), ('23','WALDO',NULL,NULL,NULL,NULL,NULL,NULL,NULL,'1',NULL), ('24','TITO MEJIA','COCHABAMBA','','','','','','','1','8');
INSERT INTO `tproveedor` VALUES ('3','PROVEEDOR 3');
INSERT INTO `unidad` VALUES ('1','CAJA'), ('2','PIEZA'), ('3','UNIDAD'), ('4','DOCENA');
INSERT INTO `usuarios` VALUES ('7','CARLOS GIWENCER','cgiwencer','cagisa','ADMINISTRADOR','1'), ('8','GUILLERMO TORRICO','gtm','torrico','ADMINISTRADOR','1'), ('9','CORAL SANCHEZ','csg','sanchez','ADMINISTRADOR','1'), ('10','BRUNO DANIEL','bts','sanchez','OPERADOR','1');
INSERT INTO `usuarios2` VALUES ('1','CARLOS GIWENCER','cgiwencer','cagisa','ADMINISTRADOR','1'), ('6','GUILLERMO TORRICO','gtorrico','torrico','ADMINISTRADOR','1');
